kml_nombre,kml_lat,kml_lon,kml_capa,kml_category,action,osm_id,osm_name,distance_m,notes
PAT-102,-8.0639341,-79.0188810,Consolidado,green,new,,,,
PAT-110,-8.0605214,-79.0168695,Consolidado,green,new,,,,
PAT-116,-8.0603441,-79.0205617,Consolidado,green,new,,,,
PAT-124,-8.0597726,-79.0183134,Consolidado,green,new,,,,
PAT-125,-8.0600562,-79.0184666,Consolidado,green,new,,,,
PAT-128,-8.0595649,-79.0196195,Consolidado,green,new,,,,
PAT-132,-8.0548494,-79.0233756,Consolidado,green,new,,,,
PAT-134,-8.0561907,-79.0226096,Consolidado,green,new,,,,
PAT-14,-8.0547912,-79.0024693,Consolidado,green,new,,,,
PAT-141,-8.0677742,-79.0314110,Consolidado,green,new,,,,
PAT-153,-8.0626287,-79.0322312,Consolidado,green,new,,,,
PAT-155,-8.0612121,-79.0287551,Consolidado,green,new,,,,
PAT-16,-8.0480134,-79.0002307,Consolidado,green,new,,,,
PAT-17,-8.0476441,-79.0000337,Consolidado,green,new,,,,
PAT-30,-8.0576025,-79.0056593,Consolidado,green,new,,,,
PAT-31,-8.0576508,-79.0055770,Consolidado,green,new,,,,
PAT-37,-8.0487249,-79.0063687,Consolidado,green,new,,,,
PAT-42,-8.0572958,-79.0100296,Consolidado,green,new,,,,
PAT-44,-8.0590833,-79.0080298,Consolidado,green,new,,,,
PAT-50,-8.0607019,-79.0104078,Consolidado,green,new,,,,
PAT-52,-8.0596660,-79.0126941,Consolidado,green,new,,,,
PAT-53,-8.0597551,-79.0127572,Consolidado,green,new,,,,
PAT-56,-8.0600403,-79.0083312,Consolidado,green,new,,,,
PAT-58,-8.0578289,-79.0121747,Consolidado,green,new,,,,
PAT-60,-8.0613612,-79.0144460,Consolidado,green,new,,,,
PAT-66,-8.0695672,-79.0259798,Consolidado,green,new,,,,
PAT-72,-8.0697992,-79.0258133,Consolidado,green,new,,,,
PAT-75,-8.0661640,-79.0149551,Consolidado,green,new,,,,
PAT-80,-8.0682930,-79.0176974,Consolidado,green,new,,,,
PAT-83,-8.0680815,-79.0178136,Consolidado,green,new,,,,
PAT-88,-8.0669263,-79.0283708,Consolidado,green,new,,,,
PAT-90,-8.0641486,-79.0272476,Consolidado,green,new,,,,
PAT-93,-8.0652866,-79.0222233,Consolidado,green,new,,,,
PAT-94,-8.0653032,-79.0223361,Consolidado,green,new,,,,
PAT-95,-8.0660813,-79.0149956,Consolidado,green,new,,,,
PAT-96,-8.0656215,-79.0203136,Consolidado,green,new,,,,
PE-100,-8.0515912,-79.0547485,Consolidado,green,new,,,,
PE-105,-8.0459220,-79.0524655,Consolidado,green,new,,,,
PE-108,-8.0478361,-79.0496626,Consolidado,green,new,,,,
PE-110,-8.0517486,-79.0549211,Consolidado,green,new,,,,
PE-113,-8.0477868,-79.0494279,Consolidado,green,new,,,,
PE-133,-8.0457675,-79.0698795,Consolidado,green,new,,,,
PE-146,-8.0488078,-79.0658456,Consolidado,green,new,,,,
PE-148,-8.0512635,-79.0609876,Consolidado,green,new,,,,
PE-150,-8.0527492,-79.0668335,Consolidado,green,new,,,,
PE-161,-8.0665879,-79.0684644,Consolidado,green,new,,,,
PE-170,-8.0614915,-79.0745726,Consolidado,green,new,,,,
PE-172,-8.0643119,-79.0728928,Consolidado,green,new,,,,
PE-189,-8.0675391,-79.0506094,Consolidado,green,new,,,,
PE-192,-8.0625638,-79.0492706,Consolidado,green,new,,,,
PE-198,-8.0744327,-79.0477654,Consolidado,green,new,,,,
PE-202,-8.0731883,-79.0532348,Consolidado,green,new,,,,
PE-205,-8.0677227,-79.0568391,Consolidado,green,new,,,,
PE-207,-8.0639917,-79.0576940,Consolidado,green,new,,,,
PE-208,-8.0628875,-79.0548493,Consolidado,green,new,,,,
PE-213,-8.0725750,-79.0606207,Consolidado,green,new,,,,
PE-225,-8.0788273,-79.0463248,Consolidado,green,new,,,,
PE-227,-8.0557104,-79.0485844,Consolidado,green,new,,,,
PE-231,-8.0605411,-79.0478548,Consolidado,green,new,,,,
PE-232,-8.0614838,-79.0492407,Consolidado,green,new,,,,
PE-233,-8.0621381,-79.0520178,Consolidado,green,new,,,,
PE-237,-8.0496012,-79.0563403,Consolidado,green,new,,,,
PE-238,-8.0656021,-79.0449278,Consolidado,green,new,,,,
PE-239,-8.0667633,-79.0452012,Consolidado,green,new,,,,
PE-240,-8.0684283,-79.0448327,Consolidado,green,new,,,,
PE-242,-8.0705267,-79.0433503,Consolidado,green,new,,,,
PE-243,-8.0719115,-79.0416660,Consolidado,green,new,,,,
PE-245,-8.0822409,-79.0524368,Consolidado,green,new,,,,
PE-253,-8.0723882,-79.0642983,Consolidado,green,new,,,,
PE-255,-8.0719676,-79.0648165,Consolidado,green,new,,,,
PE-256,-8.0721480,-79.0643917,Consolidado,green,new,,,,
PE-265,-8.0674504,-79.0636363,Consolidado,green,new,,,,
PE-266,-8.0676540,-79.0639838,Consolidado,green,new,,,,
PE-267,-8.0657685,-79.0619525,Consolidado,green,new,,,,
PE-271,-8.0596597,-79.0533255,Consolidado,green,new,,,,
PE-272,-8.0595439,-79.0531725,Consolidado,green,new,,,,
PE-273,-8.0566946,-79.0542699,Consolidado,green,new,,,,
PE-274,-8.0561947,-79.0542786,Consolidado,green,new,,,,
PE-276,-8.0494699,-79.0567702,Consolidado,green,new,,,,
PE-277,-8.0529364,-79.0560623,Consolidado,green,new,,,,
PE-280,-8.0536123,-79.0579846,Consolidado,green,new,,,,
PE-29,-8.0667101,-79.0680936,Consolidado,green,new,,,,
PE-3,-8.0498996,-79.0629984,Consolidado,green,new,,,,
PE-303,-8.0840322,-79.0441866,Consolidado,green,new,,,,
PE-304,-8.0839587,-79.0440018,Consolidado,green,new,,,,
PE-305,-8.0814882,-79.0451167,Consolidado,green,new,,,,
PE-306,-8.0815809,-79.0453013,Consolidado,green,new,,,,
PE-327,-8.0857501,-79.0314262,Consolidado,green,new,,,,
PE-33,-8.0682187,-79.0715709,Consolidado,green,new,,,,
PE-336,-8.0735667,-79.0337519,Consolidado,green,new,,,,
PE-351,-8.0605491,-79.0422778,Consolidado,green,new,,,,
PE-38,-8.0680052,-79.0567126,Consolidado,green,new,,,,
PE-4,-8.0484010,-79.0659521,Consolidado,green,new,,,,
PE-42,-8.0677612,-79.0507251,Consolidado,green,new,,,,
PE-44,-8.0742710,-79.0480679,Consolidado,green,new,,,,
PE-48,-8.0732827,-79.0532398,Consolidado,green,new,,,,
PE-60,-8.0627464,-79.0491893,Consolidado,green,new,,,,
PE-67,-8.0555369,-79.0480820,Consolidado,green,new,,,,
PE-68,-8.0559167,-79.0497489,Consolidado,green,new,,,,
PE-69,-8.0565957,-79.0515199,Consolidado,green,new,,,,
PE-72,-8.0614137,-79.0489176,Consolidado,green,new,,,,
PE-73,-8.0621145,-79.0517523,Consolidado,green,new,,,,
PE-76,-8.0658787,-79.0447687,Consolidado,green,new,,,,
PE-78,-8.0669380,-79.0454769,Consolidado,green,new,,,,
PE-79,-8.0687889,-79.0445976,Consolidado,green,new,,,,
PE-81,-8.0721117,-79.0415496,Consolidado,green,new,,,,
PE-82,-8.0737142,-79.0423665,Consolidado,green,new,,,,
PE-88,-8.0759611,-79.0568656,Consolidado,green,new,,,,
PE-97,-8.0726609,-79.0605818,Consolidado,green,new,,,,
PFM-10,-8.0803621,-79.0245885,Consolidado,green,new,,,,
PFM-68,-8.0830030,-79.0304228,Consolidado,green,new,,,,
PFM-84,-8.0797966,-79.0308157,Consolidado,green,new,,,,
PFM-86,-8.0761374,-79.0280604,Consolidado,green,new,,,,
PFM-9,-8.0804396,-79.0245255,Consolidado,green,new,,,,
PFM-98,-8.0709439,-79.0263426,Consolidado,green,new,,,,
PH-100,-8.0364956,-79.0670920,Consolidado,green,new,,,,
PH-101,-8.0053188,-79.0709029,Consolidado,green,new,,,,
PH-102,-7.9929843,-79.0747991,Consolidado,green,new,,,,
PH-103,-7.9975336,-79.0733612,Consolidado,green,new,,,,
PH-109,-8.0159950,-79.0673078,Consolidado,green,new,,,,
PH-11,-8.0812524,-79.1226920,Consolidado,green,new,,,,
PH-110,-8.0196706,-79.0661602,Consolidado,green,new,,,,
PH-112,-8.0273704,-79.0636536,Consolidado,green,new,,,,
PH-113,-8.0306138,-79.0626536,Consolidado,green,new,,,,
PH-116,-8.0425310,-79.0587534,Consolidado,green,new,,,,
PH-117,-8.0153774,-79.0691328,Consolidado,green,new,,,,
PH-118,-8.0162457,-79.0720972,Consolidado,green,new,,,,
PH-125,-8.0373568,-79.0695006,Consolidado,green,new,,,,
PH-128,-8.0155533,-79.0673739,Consolidado,green,new,,,,
PH-131,-8.0269626,-79.0636060,Consolidado,green,new,,,,
PH-132,-8.0304715,-79.0624792,Consolidado,green,new,,,,
PH-135,-8.0421470,-79.0586570,Consolidado,green,new,,,,
PH-136,-7.9929158,-79.0745783,Consolidado,green,new,,,,
PH-137,-7.9976500,-79.0730719,Consolidado,green,new,,,,
PH-144,-8.0323716,-79.0663938,Consolidado,green,new,,,,
PH-146,-8.0348911,-79.0691141,Consolidado,green,new,,,,
PH-148,-8.0381761,-79.0718674,Consolidado,green,new,,,,
PH-149,-8.0380713,-79.0717600,Consolidado,green,new,,,,
PH-15,-8.0975252,-79.1106729,Consolidado,green,new,,,,
PH-150,-8.0373015,-79.0695985,Consolidado,green,new,,,,
PH-151,-8.0364951,-79.0668594,Consolidado,green,new,,,,
PH-154,-8.0419891,-79.0755401,Consolidado,green,new,,,,
PH-162,-8.0297127,-79.0589251,Consolidado,green,new,,,,
PH-163,-8.0297431,-79.0590476,Consolidado,green,new,,,,
PH-167,-8.0928578,-79.0545901,Consolidado,green,new,,,,
PH-17,-8.0868799,-79.1000869,Consolidado,green,new,,,,
PH-19,-8.0707524,-79.1130563,Consolidado,green,new,,,,
PH-23,-8.0990953,-79.1093556,Consolidado,green,new,,,,
PH-24,-8.1009414,-79.1067659,Consolidado,green,new,,,,
PH-25,-8.0867295,-79.1001045,Consolidado,green,new,,,,
PH-27,-8.0972975,-79.1105261,Consolidado,green,new,,,,
PH-3,-8.0827213,-79.1134901,Consolidado,green,new,,,,
PH-31,-8.0838447,-79.1230144,Consolidado,green,new,,,,
PH-32,-8.0819735,-79.1223416,Consolidado,green,new,,,,
PH-39,-8.0785497,-79.1164473,Consolidado,green,new,,,,
PH-44,-8.0670427,-79.1119697,Consolidado,green,new,,,,
PH-45,-8.1009844,-79.1065686,Consolidado,green,new,,,,
PH-46,-8.0989125,-79.1094810,Consolidado,green,new,,,,
PH-55,-8.1011311,-79.0574763,Consolidado,green,new,,,,
PH-57,-8.1049948,-79.0996378,Consolidado,green,new,,,,
PH-58,-8.1028484,-79.0988919,Consolidado,green,new,,,,
PH-59,-8.0991141,-79.0991171,Consolidado,green,new,,,,
PH-60,-8.0957239,-79.0986323,Consolidado,green,new,,,,
PH-61,-8.0926387,-79.0978411,Consolidado,green,new,,,,
PH-62,-8.0898048,-79.0970780,Consolidado,green,new,,,,
PH-7,-8.0765994,-79.1176733,Consolidado,green,new,,,,
PH-73,-8.0894992,-79.0970211,Consolidado,green,new,,,,
PH-74,-8.0923390,-79.0977797,Consolidado,green,new,,,,
PH-75,-8.0955774,-79.0986306,Consolidado,green,new,,,,
PH-76,-8.0988643,-79.0991120,Consolidado,green,new,,,,
PH-77,-8.1026599,-79.0989491,Consolidado,green,new,,,,
PH-78,-8.1050310,-79.0994216,Consolidado,green,new,,,,
PH-79,-8.1029646,-79.1024055,Consolidado,green,new,,,,
PH-8,-8.0734127,-79.1183684,Consolidado,green,new,,,,
PH-81,-8.0889465,-79.0916476,Consolidado,green,new,,,,
PH-83,-8.0907488,-79.0526884,Consolidado,green,new,,,,
PH-87,-8.0898841,-79.0538717,Consolidado,green,new,,,,
PH-9,-8.0756212,-79.1190308,Consolidado,green,new,,,,
PH-91,-8.0162428,-79.0718624,Consolidado,green,new,,,,
PH-97,-8.0340704,-79.0665462,Consolidado,green,new,,,,
PH-98,-8.0348317,-79.0689048,Consolidado,green,new,,,,
PP-100,-8.0754198,-79.0057421,Consolidado,green,new,,,,
PP-11,-8.0829353,-78.9928229,Consolidado,green,new,,,,
PP-12,-8.0799871,-78.9936224,Consolidado,green,new,,,,
PP-122,-8.0752439,-79.0049673,Consolidado,green,new,,,,
PP-123,-8.0750171,-79.0052388,Consolidado,green,new,,,,
PP-128,-8.0759705,-79.0081743,Consolidado,green,new,,,,
PP-129,-8.0761080,-79.0078545,Consolidado,green,new,,,,
PP-132,-8.0725376,-79.0108963,Consolidado,green,new,,,,
PP-149,-8.0724742,-79.0026743,Consolidado,green,new,,,,
PP-150,-8.0725658,-79.0027052,Consolidado,green,new,,,,
PP-156,-8.0685459,-78.9938130,Consolidado,green,new,,,,
PP-163,-8.0755903,-78.9934329,Consolidado,green,new,,,,
PP-168,-8.0711607,-78.9922652,Consolidado,green,new,,,,
PP-183,-8.0716927,-79.0175100,Consolidado,green,new,,,,
PP-186,-8.0714825,-79.0179681,Consolidado,green,new,,,,
PP-27,-8.0889930,-78.9940735,Consolidado,green,new,,,,
PP-3,-8.0657022,-78.9887117,Consolidado,green,new,,,,
PP-39,-8.0795148,-78.9998016,Consolidado,green,new,,,,
PP-4,-8.0702459,-78.9866036,Consolidado,green,new,,,,
PP-42,-8.0891372,-78.9941117,Consolidado,green,new,,,,
PP-46,-8.0831629,-78.9955326,Consolidado,green,new,,,,
PP-47,-8.0834177,-78.9952695,Consolidado,green,new,,,,
PP-48,-8.0815139,-78.9990939,Consolidado,green,new,,,,
PP-59,-8.0799968,-78.9937284,Consolidado,green,new,,,,
PP-6,-8.0706665,-78.9972567,Consolidado,green,new,,,,
PP-60,-8.0886327,-78.9939937,Consolidado,green,new,,,,
PP-75,-8.0706249,-78.9973603,Consolidado,green,new,,,,
PP-84,-8.0703517,-78.9885965,Consolidado,green,new,,,,
PP-90,-8.0794839,-79.0000633,Consolidado,green,new,,,,
PT-160,-8.1284649,-79.0420651,DATA SET Victor Larco.csv Events,green,new,,,,
PT-183,-8.1257924,-79.0459576,DATA SET Victor Larco.csv Events,green,new,,,,
PT-185,-8.1260118,-79.0459134,DATA SET Victor Larco.csv Events,green,new,,,,
PVL-10,-8.1400331,-79.0461648,DATA SET Victor Larco.csv Events,green,new,,,,
PVL-14,-8.1485718,-79.0468642,DATA SET Victor Larco.csv Events,green,new,,,,
PVL-21,-8.1310870,-79.0445230,DATA SET Victor Larco.csv Events,green,new,,,,
PVL-25,-8.1339475,-79.0357809,DATA SET Victor Larco.csv Events,green,new,,,,
PVL-26,-8.1367137,-79.0375234,DATA SET Victor Larco.csv Events,green,new,,,,
PVL-27,-8.1371477,-79.0439149,DATA SET Victor Larco.csv Events,green,new,,,,
PVL-28,-8.1397377,-79.0462118,DATA SET Victor Larco.csv Events,green,new,,,,
PVL-32,-8.1487138,-79.0469936,DATA SET Victor Larco.csv Events,green,new,,,,
PVL-36,-8.1315145,-79.0509294,DATA SET Victor Larco.csv Events,green,new,,,,
PVL-37,-8.1314687,-79.0507061,DATA SET Victor Larco.csv Events,green,new,,,,
PVL-41,-8.1345713,-79.0476012,DATA SET Victor Larco.csv Events,green,new,,,,
PVL-47,-8.1281665,-79.0407967,DATA SET Victor Larco.csv Events,green,new,,,,
PVL-48,-8.1295878,-79.0370919,DATA SET Victor Larco.csv Events,green,new,,,,
PVL-7,-8.1337548,-79.0353250,DATA SET Victor Larco.csv Events,green,new,,,,
PVL-8,-8.1314597,-79.0445857,DATA SET Victor Larco.csv Events,green,new,,,,
PVL-9,-8.1373327,-79.0438407,DATA SET Victor Larco.csv Events,green,new,,,,
PL-1,-8.1103696,-78.9974003,"LAREDO, Puntos_Paraderos",green,new,,,,
PL-101,-8.1095524,-78.9948321,LAREDO,green,new,,,,
PL-102,-8.1093621,-78.9948451,LAREDO,green,new,,,,
PL-106,-8.1076209,-78.9864444,LAREDO,green,new,,,,
PL-107,-8.1110742,-78.9958627,LAREDO,green,new,,,,
PL-11,-8.0869016,-78.9617648,LAREDO,green,new,,,,
PL-14,-8.0868472,-78.9552859,LAREDO,green,new,,,,
PL-16,-8.0916573,-78.9613551,LAREDO,green,new,,,,
PL-19,-8.0854975,-78.9577498,LAREDO,green,new,,,,
PL-22,-8.0848220,-78.9555062,LAREDO,green,new,,,,
PL-23,-8.0883177,-78.9556018,LAREDO,green,new,,,,
PL-24,-8.0758886,-78.9482263,LAREDO,green,new,,,,
PL-25,-8.0881079,-78.9810106,LAREDO,green,new,,,,
PL-31,-8.0851706,-78.9578491,LAREDO,green,new,,,,
PL-35,-8.0850274,-78.9632986,LAREDO,green,new,,,,
PL-38,-8.0883313,-78.9631260,LAREDO,green,new,,,,
PL-39,-8.0911790,-78.9631954,LAREDO,green,new,,,,
PL-4,-8.0883490,-78.9633385,LAREDO,green,new,,,,
PL-43,-8.0868147,-78.9610188,LAREDO,green,new,,,,
PL-44,-8.0798557,-78.9506950,LAREDO,green,new,,,,
PL-46,-8.0916888,-78.9611012,LAREDO,green,new,,,,
PL-49,-8.0867359,-78.9552554,LAREDO,green,new,,,,
PL-50,-8.0882486,-78.9554197,LAREDO,green,new,,,,
PL-51,-8.0881891,-78.9811610,LAREDO,green,new,,,,
PL-53,-8.0849631,-78.9555310,LAREDO,green,new,,,,
PL-56,-8.0846371,-78.9890264,LAREDO,green,new,,,,
PL-57,-8.0849172,-78.9889824,LAREDO,green,new,,,,
PL-58,-8.0862668,-78.9848485,LAREDO,green,new,,,,
PL-59,-8.0860585,-78.9846859,LAREDO,green,new,,,,
PL-6,-8.0804878,-78.9517437,LAREDO,green,new,,,,
PL-60,-8.0889783,-78.9784444,LAREDO,green,new,,,,
PL-61,-8.0887469,-78.9782674,LAREDO,green,new,,,,
PL-62,-8.0922870,-78.9682795,LAREDO,green,new,,,,
PL-63,-8.0924901,-78.9681419,LAREDO,green,new,,,,
PL-66,-8.0813538,-78.9581300,LAREDO,green,new,,,,
PL-67,-8.0815584,-78.9581667,LAREDO,green,new,,,,
PL-7,-8.0815759,-78.9515476,LAREDO,green,new,,,,
PL-76,-8.0681962,-78.9550941,LAREDO,green,new,,,,
PL-79,-8.0682407,-78.9531234,LAREDO,green,new,,,,
PL-8,-8.0910913,-78.9632755,LAREDO,green,new,,,,
PL-80,-8.0700442,-78.9503335,LAREDO,green,new,,,,
PL-81,-8.0699765,-78.9504100,LAREDO,green,new,,,,
PL-84,-8.0730883,-78.9882328,LAREDO,green,new,,,,
PL-85,-8.0858895,-78.9918306,LAREDO,green,new,,,,
PL-86,-8.0679914,-78.9833998,LAREDO,green,new,,,,
PL-87,-8.0676170,-78.9802070,LAREDO,green,new,,,,
PL-89,-8.0642117,-78.9793416,LAREDO,green,new,,,,
PL-90,-8.0637201,-78.9762182,LAREDO,green,new,,,,
PL-91,-8.0827218,-78.9927396,LAREDO,green,new,,,,
PL-93,-8.0678699,-78.9831567,LAREDO,green,new,,,,
PL-94,-8.0677132,-78.9797228,LAREDO,green,new,,,,
PL-96,-8.1112312,-78.9960625,LAREDO,green,new,,,,
PL-Existente,-8.0924662,-78.9672482,LAREDO,green,new,,,,
PL-Existente,-8.0927534,-78.9672582,LAREDO,green,new,,,,
PM-  83,-8.1383248,-78.9923114,Moche,green,new,,,,
PM- 82,-8.1384370,-78.9923593,Moche,green,new,,,,
PM-10,-8.1790710,-79.0146422,Moche,green,new,,,,
PM-100,-8.1868940,-78.9810193,Moche,green,new,,,,
PM-105,-8.1832442,-78.9922571,Moche,green,new,,,,
PM-11,-8.1797118,-79.0134117,Moche,green,new,,,,
PM-111,-8.1786953,-78.9971565,Moche,green,new,,,,
PM-113,-8.1816211,-78.9905174,Moche,green,new,,,,
PM-117,-8.1192248,-79.0035100,Moche,green,new,,,,
PM-120,-8.1317103,-79.0204793,Moche,green,new,,,,
PM-121,-8.1337910,-79.0188257,Moche,green,merge,5082686253,Panamericana Norte,27.5,
PM-124,-8.1317432,-79.0207311,Moche,green,new,,,,
PM-15,-8.1871837,-79.0045007,Moche,green,new,,,,
PM-17,-8.1698490,-79.0096191,Moche,green,new,,,,
PM-19,-8.1742832,-79.0120072,Moche,green,new,,,,
PM-2,-8.1560392,-79.0123009,Moche,green,new,,,,
PM-20,-8.1657696,-79.0100234,Moche,green,new,,,,"Rechazado OSM 12121157804 (lado opuesto, 8.2m). "
PM-21,-8.1766198,-79.0128484,Moche,green,new,,,,
PM-22,-8.1691962,-79.0069362,Moche,green,new,,,,
PM-23,-8.1655834,-79.0087473,Moche,green,new,,,,
PM-24,-8.1678853,-79.0060541,Moche,green,new,,,,"Rechazado OSM 12121157805 (lado opuesto, 24.4m). "
PM-27,-8.1442256,-79.0125973,Moche,green,new,,,,
PM-30,-8.1496453,-79.0085287,Moche,green,new,,,,
PM-33,-8.1371455,-78.9971089,Moche,green,new,,,,
PM-36,-8.1750777,-78.9966442,Moche,green,new,,,,
PM-37,-8.1758114,-78.9965678,Moche,green,new,,,,
PM-38,-8.1470241,-79.0026151,Moche,green,new,,,,
PM-41,-8.1564809,-79.0121467,Moche,green,new,,,,
PM-42,-8.1608044,-79.0118262,Moche,green,new,,,,
PM-49,-8.1744099,-79.0119408,Moche,green,new,,,,
PM-54,-8.1897178,-79.0038593,Moche,green,new,,,,
PM-59,-8.1806722,-79.0124981,Moche,green,merge,8743805428,Avenida Perú,6.3,
PM-60,-8.1767231,-79.0127566,Moche,green,merge,12121155299,Avenida de La Marina,27.7,
PM-61,-8.1656604,-79.0089733,Moche,green,new,,,,
PM-63,-8.1693897,-79.0069315,Moche,green,new,,,,
PM-70,-8.1443587,-79.0127660,Moche,green,new,,,,
PM-74,-8.1369773,-78.9973597,Moche,green,new,,,,
PM-77,-8.1470131,-79.0024036,Moche,green,new,,,,
PM-78,-8.1330704,-78.9949591,Moche,green,new,,,,
PM-79,-8.1329792,-78.9948816,Moche,green,new,,,,
PM-84,-8.1719455,-79.0081707,Moche,green,new,,,,
PM-85,-8.1870141,-79.0078850,Moche,green,new,,,,
PM-9,-8.1608797,-79.0116043,Moche,green,new,,,,
PM-91,-8.1787740,-78.9921884,Moche,green,new,,,,
PM-93,-8.1830243,-78.9866416,Moche,green,new,,,,
PM-96,-8.1815146,-78.9966860,Moche,green,new,,,,
PM-SC3,-8.1785533,-78.9921911,Moche,green,new,,,,
PS-13,-8.1928636,-78.9919811,Paraderos_Salaverry,green,new,,,,
PS-19,-8.2095783,-78.9814746,Paraderos_Salaverry,green,new,,,,
PS-28,-8.1946849,-78.9712951,Paraderos_Salaverry,green,new,,,,
PS-29,-8.1921699,-78.9741267,Paraderos_Salaverry,green,new,,,,
PS-41,-8.1884746,-78.9852063,Paraderos_Salaverry,green,new,,,,
PS-44,-8.2191521,-78.9714552,Paraderos_Salaverry,green,new,,,,
PS-48,-8.2147377,-78.9775392,Paraderos_Salaverry,green,new,,,,
PS-51,-8.2079615,-78.9816996,Paraderos_Salaverry,green,new,,,,
PS-56,-8.1943558,-78.9907303,Paraderos_Salaverry,green,new,,,,
PS-6,-8.1906340,-78.9804940,Paraderos_Salaverry,green,new,,,,
PS-64,-8.1882321,-78.9795803,Paraderos_Salaverry,green,new,,,,
ABR-361,-8.0976209,-79.0010685,Puntos_Paraderos,green,new,,,,
ABR-362,-8.0962256,-79.0008402,Puntos_Paraderos,green,new,,,,
ABR-363,-8.0949266,-78.9995128,Puntos_Paraderos,green,new,,,,
ABR-364,-8.0949471,-78.9970251,Puntos_Paraderos,green,new,,,,
ABR-365,-8.0973298,-78.9960467,Puntos_Paraderos,green,new,,,,
ABR-366,-8.0985798,-78.9969330,Puntos_Paraderos,green,new,,,,
ABR-367,-8.1002701,-78.9988359,Puntos_Paraderos,green,new,,,,
ALFU-535,-8.0920732,-78.9957014,Puntos_Paraderos,green,new,,,,
AMA-462,-8.1058026,-79.0225037,Puntos_Paraderos,green,new,,,,
AMEO-67,-8.1020120,-79.0445116,Puntos_Paraderos,green,new,,,,
AMEO-71,-8.1098969,-79.0477464,Puntos_Paraderos,green,new,,,,
AMEO-73,-8.1106633,-79.0476970,Puntos_Paraderos,green,new,,,,
AMEO-74,-8.1128676,-79.0479951,Puntos_Paraderos,green,merge,11910645397,Calle 26,12.0,
AMEO-75,-8.1145723,-79.0464723,Puntos_Paraderos,green,new,,,,
AMEO-76,-8.1144262,-79.0462892,Puntos_Paraderos,green,new,,,,
AMEO-82,-8.0961352,-79.0410870,Puntos_Paraderos,green,new,,,,
AMEO-84,-8.0972133,-79.0428225,Puntos_Paraderos,green,new,,,,
AMEO-85,-8.0978658,-79.0430501,Puntos_Paraderos,green,new,,,,
AMN-18,-8.0976796,-79.0159997,Puntos_Paraderos,green,new,,,,
AMN-20,-8.0960067,-79.0180196,Puntos_Paraderos,green,merge,11910518849,Avenida del Ejército,22.3,
AMN-23,-8.0983175,-79.0305376,Puntos_Paraderos,green,new,,,,
AMN-27,-8.1034995,-79.0333794,Puntos_Paraderos,green,new,,,,
AMN-34,-8.0939734,-79.0260984,Puntos_Paraderos,green,new,,,,
AMS-39,-8.1263244,-79.0343534,Puntos_Paraderos,green,new,,,,
AMS-40,-8.1164039,-79.0164486,Puntos_Paraderos,green,new,,,,
AMS-41,-8.1151359,-79.0152931,Puntos_Paraderos,green,new,,,,
AMS-44,-8.1235198,-79.0390245,Puntos_Paraderos,green,new,,,,
AMS-45,-8.1236240,-79.0392062,Puntos_Paraderos,green,new,,,,
AMS-46,-8.1250348,-79.0376479,Puntos_Paraderos,green,new,,,,"Rechazado OSM 5067622117 (lado opuesto, 27.0m). "
AMS-47,-8.1247681,-79.0377766,Puntos_Paraderos,green,merge,5067622117,Avenida Victor Larco Herrera,12.3,
AMS-48,-8.1260536,-79.0342673,Puntos_Paraderos,green,new,,,,
AMS-49,-8.1268282,-79.0310684,Puntos_Paraderos,green,merge,11910359975,Prolongación Cesar Vallejo,8.4,
AMS-50,-8.1266185,-79.0310941,Puntos_Paraderos,green,merge,11910359976,Calle Australia,5.8,
AMS-51,-8.1265640,-79.0288382,Puntos_Paraderos,green,new,,,,
AMS-52,-8.1220252,-79.0213460,Puntos_Paraderos,green,merge,11910518853,Calle Calcuchimac,2.6,
AMS-60,-8.1042910,-79.0103168,Puntos_Paraderos,green,new,,,,
AMS-61,-8.1120252,-79.0136080,Puntos_Paraderos,green,new,,,,
AMS-63,-8.1041752,-79.0106145,Puntos_Paraderos,green,new,,,,
AMS-64,-8.1115319,-79.0135767,Puntos_Paraderos,green,new,,,,
ANTO-346,-8.1161450,-79.0436952,Puntos_Paraderos,green,new,,,,
ANTO-349,-8.1115821,-79.0402851,Puntos_Paraderos,green,new,,,,
AVOC-451,-8.0894725,-79.0238086,Puntos_Paraderos,green,new,,,,
AVOC-454,-8.0895126,-79.0239216,Puntos_Paraderos,green,new,,,,
BLPAS-447,-8.1046979,-79.0077726,Puntos_Paraderos,green,new,,,,
BLPAS-448,-8.1038057,-79.0093810,Puntos_Paraderos,green,new,,,,
C20-529,-8.1211496,-79.0130634,Puntos_Paraderos,green,new,,,,
CAR-532,-8.1033285,-79.0197008,Puntos_Paraderos,green,new,,,,
CARE-400,-8.0972995,-79.0028381,Puntos_Paraderos,green,new,,,,
CARE-401,-8.0970380,-79.0028656,Puntos_Paraderos,green,new,,,,
CARW-305,-8.1150428,-79.0076784,Puntos_Paraderos,green,new,,,,
CARW-306,-8.1151701,-79.0078401,Puntos_Paraderos,green,new,,,,
CARW-307,-8.1149214,-79.0105820,Puntos_Paraderos,green,new,,,,
CARW-308,-8.1149854,-79.0107359,Puntos_Paraderos,green,new,,,,
CARW-309,-8.1146830,-79.0123082,Puntos_Paraderos,green,new,,,,
CARW-310,-8.1146961,-79.0125879,Puntos_Paraderos,green,new,,,,
CARW-311,-8.1143370,-79.0144628,Puntos_Paraderos,green,new,,,,
CEV-172,-8.1127858,-79.0196637,Puntos_Paraderos,green,new,,,,
CEV-174,-8.1043873,-79.0126094,Puntos_Paraderos,green,new,,,,
CEV-175,-8.1061501,-79.0138854,Puntos_Paraderos,green,new,,,,
CEV-176,-8.1067384,-79.0145716,Puntos_Paraderos,green,new,,,,
CEV-177,-8.1080185,-79.0154954,Puntos_Paraderos,green,new,,,,
CEV-178,-8.1079156,-79.0156336,Puntos_Paraderos,green,new,,,,
CEV-180,-8.0962709,-79.0054620,Puntos_Paraderos,green,new,,,,
CEV-182,-8.1021258,-79.0103882,Puntos_Paraderos,green,new,,,,
CEV-183,-8.1106886,-79.0181023,Puntos_Paraderos,green,new,,,,
CEV-184,-8.0959599,-79.0055367,Puntos_Paraderos,green,new,,,,
CEV-186,-8.1017614,-79.0104063,Puntos_Paraderos,green,new,,,,
CEV-187,-8.0893785,-78.9996426,Puntos_Paraderos,green,new,,,,
CEV-189,-8.0890569,-78.9997599,Puntos_Paraderos,green,new,,,,
CONT-377,-8.1182663,-79.0054020,Puntos_Paraderos,green,new,,,,
CONT-379,-8.1197064,-79.0063595,Puntos_Paraderos,green,new,,,,
CONT-381,-8.1208708,-79.0079055,Puntos_Paraderos,green,new,,,,
CONT-382,-8.1207778,-79.0086390,Puntos_Paraderos,green,new,,,,
COSR-333,-8.1250829,-79.0303192,Puntos_Paraderos,green,new,,,,
COSR-335,-8.1261258,-79.0303213,Puntos_Paraderos,green,new,,,,
COSR-336,-8.1197406,-79.0265009,Puntos_Paraderos,green,new,,,,
COSR-337,-8.1193536,-79.0260593,Puntos_Paraderos,green,new,,,,
COVIC-429,-8.1118251,-79.0449609,Puntos_Paraderos,green,new,,,,
COVIC-434,-8.1138368,-79.0465531,Puntos_Paraderos,green,new,,,,
CRIS-488,-8.0945445,-79.0425542,Puntos_Paraderos,green,new,,,,
CTC-476,-8.1027701,-79.0029400,Puntos_Paraderos,green,new,,,,
CTC-477,-8.1027801,-79.0031288,Puntos_Paraderos,green,new,,,,
EGR-250,-8.1203865,-79.0084667,Puntos_Paraderos,green,new,,,,
EGR-251,-8.1198482,-79.0087675,Puntos_Paraderos,green,new,,,,
EGR-254,-8.1176117,-79.0116502,Puntos_Paraderos,green,new,,,,
EGR-255,-8.1173193,-79.0116183,Puntos_Paraderos,green,new,,,,
EGR-258,-8.1154031,-79.0145845,Puntos_Paraderos,green,new,,,,
EGR-259,-8.1150822,-79.0146415,Puntos_Paraderos,green,new,,,,
EGR-265,-8.1092367,-79.0211224,Puntos_Paraderos,green,new,,,,
EGR-266,-8.1091442,-79.0210214,Puntos_Paraderos,green,new,,,,
ESP-10,-8.1072790,-79.0220746,Puntos_Paraderos,green,merge,5099494790,Avenida Perú,0.8,
ESP-12,-8.1057601,-79.0239149,Puntos_Paraderos,green,merge,4937067022,Avenida Del Ejército,18.9,
ESP-13,-8.1056376,-79.0245442,Puntos_Paraderos,green,merge,11895968651,Avenida del Ejército,3.8,
ESP-14,-8.1056147,-79.0275557,Puntos_Paraderos,green,merge,11895957225,Calle Agricultura,10.9,
ESP-15,-8.1058750,-79.0277934,Puntos_Paraderos,green,merge,11895957224,Jirón Estete,9.2,
ESP-4,-8.1162183,-79.0304266,Puntos_Paraderos,green,new,,,,
ESP-5,-8.1144492,-79.0323726,Puntos_Paraderos,green,merge,5099440457,Jirón Independencia,12.3,
ESP-6,-8.1164168,-79.0288381,Puntos_Paraderos,green,new,,,,
ESP-8,-8.1082618,-79.0216367,Puntos_Paraderos,green,new,,,,
ESPIN-508,-8.0933821,-79.0433254,Puntos_Paraderos,green,new,,,,
ESPIN-509,-8.0958072,-79.0438353,Puntos_Paraderos,green,new,,,,
EV-543,-8.1101861,-78.9974888,Puntos_Paraderos,green,new,,,,
FERMO-481,-8.1194551,-79.0175871,Puntos_Paraderos,green,new,,,,
FERMO-484,-8.1213107,-79.0144939,Puntos_Paraderos,green,new,,,,
FERMO-485,-8.1214400,-79.0146854,Puntos_Paraderos,green,new,,,,
FERMO-486,-8.1220949,-79.0137949,Puntos_Paraderos,green,new,,,,
FEVI-213,-8.0990666,-79.0069231,Puntos_Paraderos,green,new,,,,
FEVI-214,-8.0934873,-79.0268040,Puntos_Paraderos,green,new,,,,
FEVI-216,-8.0928030,-79.0239658,Puntos_Paraderos,green,new,,,,
FEVI-219,-8.0922674,-79.0199207,Puntos_Paraderos,green,new,,,,
FEVI-222,-8.0941722,-79.0153012,Puntos_Paraderos,green,new,,,,
FEVI-225,-8.0965565,-79.0112737,Puntos_Paraderos,green,new,,,,
FEVI-226,-8.0971678,-79.0106446,Puntos_Paraderos,green,new,,,,
GUZBA-461,-8.1070951,-79.0128857,Puntos_Paraderos,green,new,,,,
HDY-538,-8.0916679,-78.9934587,Puntos_Paraderos,green,new,,,,
HOND-313,-8.1034192,-79.0025649,Puntos_Paraderos,green,new,,,,
HOND-314,-8.1034887,-79.0029652,Puntos_Paraderos,green,new,,,,
HSJ-234,-8.1222569,-79.0341871,Puntos_Paraderos,green,new,,,,
HUAS-443,-8.0917323,-78.9958610,Puntos_Paraderos,green,new,,,,
HUAY-494,-8.1198077,-79.0208143,Puntos_Paraderos,green,new,,,,
IN-167,-8.1175650,-79.0242313,Puntos_Paraderos,green,new,,,,
IN-168,-8.1172192,-79.0241273,Puntos_Paraderos,green,new,,,,
IN-169,-8.1153628,-79.0221074,Puntos_Paraderos,green,new,,,,
IN-170,-8.1150471,-79.0220161,Puntos_Paraderos,green,new,,,,
IN-171,-8.1130933,-79.0201808,Puntos_Paraderos,green,new,,,,
JEN-141,-8.1112557,-79.0364068,Puntos_Paraderos,green,new,,,,
JEN-142,-8.1109036,-79.0366373,Puntos_Paraderos,green,new,,,,
JEN-144,-8.1093949,-79.0396905,Puntos_Paraderos,green,new,,,,
JEN-145,-8.1086167,-79.0413452,Puntos_Paraderos,green,new,,,,
JEN-146,-8.1084780,-79.0421921,Puntos_Paraderos,green,new,,,,
JEN-148,-8.1076033,-79.0446508,Puntos_Paraderos,green,new,,,,
JOIN-468,-8.1244133,-79.0180506,Puntos_Paraderos,green,new,,,,
JOSA-520,-8.1099981,-79.0199348,Puntos_Paraderos,green,new,,,,
JPT-129,-8.1135320,-79.0350377,Puntos_Paraderos,green,new,,,,
JPT-130,-8.1180374,-79.0389756,Puntos_Paraderos,green,new,,,,
JPT-131,-8.1179240,-79.0391820,Puntos_Paraderos,green,new,,,,
JPT-133,-8.1204954,-79.0414213,Puntos_Paraderos,green,new,,,,
JPT-134,-8.1206448,-79.0412691,Puntos_Paraderos,green,new,,,,
JPT-136,-8.1257703,-79.0456320,Puntos_Paraderos,green,new,,,,
JPT-137,-8.1117328,-79.0336570,Puntos_Paraderos,green,new,,,,
JPT-139,-8.1135988,-79.0354605,Puntos_Paraderos,green,new,,,,
JUL-435,-8.1195518,-79.0264409,Puntos_Paraderos,green,new,,,,
JUL-440,-8.1184498,-79.0277625,Puntos_Paraderos,green,new,,,,
JUN-283,-8.1078563,-79.0212133,Puntos_Paraderos,green,new,,,,
LAM-412,-8.1268947,-79.0221161,Puntos_Paraderos,green,new,,,,
LAM-413,-8.1265933,-79.0223498,Puntos_Paraderos,green,new,,,,
LAM-414,-8.1243768,-79.0228417,Puntos_Paraderos,green,new,,,,
LAM-415,-8.1247449,-79.0229252,Puntos_Paraderos,green,new,,,,
MANT-107,-8.1020649,-79.0413002,Puntos_Paraderos,green,new,,,,
MANT-108,-8.1018285,-79.0431964,Puntos_Paraderos,green,new,,,,
MANT-110,-8.1007105,-79.0510692,Puntos_Paraderos,green,new,,,,
MANT-111,-8.1008864,-79.0490776,Puntos_Paraderos,green,new,,,,
MANT-114,-8.1007275,-79.0488069,Puntos_Paraderos,green,new,,,,
MAVE-352,-8.1023077,-79.0344060,Puntos_Paraderos,green,new,,,,
MAVE-355,-8.1040430,-79.0312459,Puntos_Paraderos,green,new,,,,
MAVE-356,-8.1049436,-79.0305990,Puntos_Paraderos,green,new,,,,
MAVE-357,-8.1060629,-79.0293947,Puntos_Paraderos,green,new,,,,
MAVE-358,-8.1058793,-79.0292843,Puntos_Paraderos,green,new,,,,
MEI-393,-8.0912766,-79.0425868,Puntos_Paraderos,green,new,,,,
MEI-394,-8.0910998,-79.0424503,Puntos_Paraderos,green,new,,,,
MEI-396,-8.0908895,-79.0476300,Puntos_Paraderos,green,new,,,,
MEI-397,-8.0908112,-79.0502676,Puntos_Paraderos,green,new,,,,
MEII-387,-8.0984952,-79.0486180,Puntos_Paraderos,green,new,,,,
MEII-388,-8.0972199,-79.0484984,Puntos_Paraderos,green,new,,,,
MO-418,-8.1224238,-79.0234629,Puntos_Paraderos,green,new,,,,
MO-419,-8.1225606,-79.0236080,Puntos_Paraderos,green,new,,,,
MR-536,-8.1292985,-79.0207637,Puntos_Paraderos,green,new,,,,
MRFT-151,-8.0858872,-79.0147316,Puntos_Paraderos,green,new,,,,
MRFT-152,-8.0876677,-79.0153590,Puntos_Paraderos,green,new,,,,
MRFT-158,-8.0952187,-79.0190078,Puntos_Paraderos,green,new,,,,
NPT-196,-8.1030767,-79.0352097,Puntos_Paraderos,green,new,,,,
NPT-197,-8.1034978,-79.0353404,Puntos_Paraderos,green,new,,,,
NPT-205,-8.0912495,-79.0406981,Puntos_Paraderos,green,new,,,,
PACALS-87,-8.0943672,-79.0378453,Puntos_Paraderos,green,new,,,,
PACALS-88,-8.0932084,-79.0359876,Puntos_Paraderos,green,new,,,,
PACALS-89,-8.0942997,-79.0382244,Puntos_Paraderos,green,new,,,,
PACALS-90,-8.0929144,-79.0359181,Puntos_Paraderos,green,new,,,,
PCVT-192,-8.1274259,-79.0301981,Puntos_Paraderos,green,new,,,,
PCVT-193,-8.1271661,-79.0304563,Puntos_Paraderos,green,new,,,,
PCVT-195,-8.1309298,-79.0328825,Puntos_Paraderos,green,new,,,,
PE-237,-8.1065488,-79.0214104,Puntos_Paraderos,green,new,,,,
PE-238,-8.1062447,-79.0213554,Puntos_Paraderos,green,new,,,,
PE-239,-8.1047149,-79.0194718,Puntos_Paraderos,green,new,,,,
PE-241,-8.1029616,-79.0176466,Puntos_Paraderos,green,new,,,,
PE-242,-8.1023748,-79.0173110,Puntos_Paraderos,green,new,,,,
PE-243,-8.1009813,-79.0155783,Puntos_Paraderos,green,new,,,,
PE-247,-8.0971849,-79.0117809,Puntos_Paraderos,green,new,,,,
PEMU-342,-8.1078566,-79.0370376,Puntos_Paraderos,green,new,,,,
PEMU-343,-8.1063264,-79.0414291,Puntos_Paraderos,green,new,,,,
PEMU-345,-8.1061468,-79.0439007,Puntos_Paraderos,green,new,,,,
PESQT-406,-8.0935049,-78.9968987,Puntos_Paraderos,green,new,,,,
PESQT-407,-8.0936343,-78.9966117,Puntos_Paraderos,green,new,,,,
PLUN-288,-8.0976468,-79.0115033,Puntos_Paraderos,green,new,,,,
PLUN-289,-8.0974314,-79.0111520,Puntos_Paraderos,green,new,,,,
PLUN-290,-8.0943600,-79.0093784,Puntos_Paraderos,green,new,,,,
PLUN-291,-8.0942700,-79.0091316,Puntos_Paraderos,green,new,,,,
PSAN-277,-8.0918551,-79.0138681,Puntos_Paraderos,green,new,,,,
PSAN-278,-8.0920361,-79.0141220,Puntos_Paraderos,green,new,,,,
PSAN-279,-8.0945759,-79.0153241,Puntos_Paraderos,green,new,,,,
PUC-458,-8.0917200,-79.0227884,Puntos_Paraderos,green,new,,,,
RIP-319,-8.1119923,-79.0031758,Puntos_Paraderos,green,new,,,,
RIP-320,-8.1118196,-79.0031875,Puntos_Paraderos,green,new,,,,
RIP-323,-8.1127385,-79.0081322,Puntos_Paraderos,green,new,,,,
RIP-324,-8.1126137,-79.0082437,Puntos_Paraderos,green,new,,,,
RIP-331,-8.1107390,-79.0170607,Puntos_Paraderos,green,new,,,,
ROM-369,-8.1064569,-79.0361139,Puntos_Paraderos,green,merge,11910518834,Calle Salaverry,18.8,
ROM-370,-8.1060498,-79.0362668,Puntos_Paraderos,green,merge,11910518835,Calle Santiago de Chile,6.9,
ROM-371,-8.1078210,-79.0367121,Puntos_Paraderos,green,new,,,,
SALVLA-297,-8.1033645,-79.0288134,Puntos_Paraderos,green,new,,,,
SALVLA-298,-8.1031684,-79.0284234,Puntos_Paraderos,green,new,,,,
SALVLA-301,-8.0988082,-79.0247350,Puntos_Paraderos,green,new,,,,
SALVLA-302,-8.0987275,-79.0244177,Puntos_Paraderos,green,new,,,,
SALVLA-303,-8.0968109,-79.0228521,Puntos_Paraderos,green,new,,,,
SAN-269,-8.1012946,-79.0183961,Puntos_Paraderos,green,new,,,,
SAN-270,-8.1015623,-79.0183817,Puntos_Paraderos,green,new,,,,
SAN-271,-8.1026522,-79.0196912,Puntos_Paraderos,green,new,,,,
SEP-449,-8.0914319,-79.0286131,Puntos_Paraderos,green,new,,,,
SEP-450,-8.0913147,-79.0286772,Puntos_Paraderos,green,new,,,,
SR-528,-8.1028601,-79.0046382,Puntos_Paraderos,green,new,,,,
TEVA-340,-8.0940887,-79.0314311,Puntos_Paraderos,green,new,,,,
TUPAT-120,-8.0968644,-79.0306039,Puntos_Paraderos,green,new,,,,
TUPAT-124,-8.0913512,-79.0362607,Puntos_Paraderos,green,new,,,,
VF-479,-8.1266899,-79.0199047,Puntos_Paraderos,green,new,,,,
VF-480,-8.1255707,-79.0188965,Puntos_Paraderos,green,new,,,,
VICFE-487,-8.1085254,-79.0196549,Puntos_Paraderos,green,new,,,,
VLHT-91,-8.1166638,-79.0318094,Puntos_Paraderos,green,new,,,,
VLHT-96,-8.1230159,-79.0373461,Puntos_Paraderos,green,new,,,,
VLHT-97,-8.1251458,-79.0394519,Puntos_Paraderos,green,new,,,,
VLHT-99,-8.1282953,-79.0421445,Puntos_Paraderos,green,new,,,,
PAT-1,-8.0511351,-79.0013417,Consolidado,cyan,new,,,,
PAT-10,-8.0645856,-79.0063929,Consolidado,cyan,new,,,,
PAT-100,-8.0633988,-79.0160651,Consolidado,cyan,new,,,,
PAT-104,-8.0644231,-79.0215366,Consolidado,cyan,new,,,,
PAT-106,-8.0581946,-79.0231314,Consolidado,cyan,new,,,,
PAT-107,-8.0659037,-79.0173204,Consolidado,cyan,new,,,,
PAT-108,-8.0622320,-79.0179848,Consolidado,cyan,new,,,,
PAT-112,-8.0663008,-79.0193897,Consolidado,cyan,new,,,,
PAT-114,-8.0634928,-79.0199918,Consolidado,cyan,new,,,,
PAT-117,-8.0613550,-79.0196725,Consolidado,cyan,new,,,,
PAT-119,-8.0630417,-79.0207233,Consolidado,cyan,new,,,,
PAT-12,-8.0618386,-79.0045859,Consolidado,cyan,new,,,,
PAT-120,-8.0622371,-79.0216940,Consolidado,cyan,new,,,,
PAT-122,-8.0598027,-79.0220497,Consolidado,cyan,new,,,,
PAT-126,-8.0589759,-79.0194134,Consolidado,cyan,new,,,,
PAT-13,-8.0583270,-79.0034992,Consolidado,cyan,new,,,,
PAT-130,-8.0575144,-79.0219677,Consolidado,cyan,new,,,,
PAT-135,-8.0701273,-79.0296460,Consolidado,cyan,new,,,,
PAT-137,-8.0702629,-79.0325612,Consolidado,cyan,new,,,,
PAT-140,-8.0669381,-79.0328693,Consolidado,cyan,new,,,,
PAT-143,-8.0636806,-79.0283044,Consolidado,cyan,new,,,,
PAT-145,-8.0646830,-79.0300510,Consolidado,cyan,new,,,,
PAT-147,-8.0658092,-79.0300542,Consolidado,cyan,new,,,,
PAT-149,-8.0644105,-79.0319566,Consolidado,cyan,new,,,,
PAT-15,-8.0512158,-79.0012785,Consolidado,cyan,new,,,,
PAT-151,-8.0649772,-79.0327591,Consolidado,cyan,new,,,,
PAT-156,-8.0661247,-79.0302415,Consolidado,cyan,new,,,,
PAT-18,-8.0676262,-79.0129822,Consolidado,cyan,new,,,,
PAT-20,-8.0666683,-79.0102500,Consolidado,cyan,new,,,,
PAT-22,-8.0657189,-79.0077534,Consolidado,cyan,new,,,,
PAT-24,-8.0651233,-79.0046582,Consolidado,cyan,new,,,,
PAT-26,-8.0660699,-79.0069872,Consolidado,cyan,new,,,,
PAT-28,-8.0630284,-79.0075014,Consolidado,cyan,new,,,,
PAT-29,-8.0612870,-79.0065783,Consolidado,cyan,new,,,,
PAT-3,-8.0582878,-79.0035942,Consolidado,cyan,new,,,,
PAT-32,-8.0545099,-79.0047071,Consolidado,cyan,new,,,,
PAT-33,-8.0545594,-79.0046194,Consolidado,cyan,new,,,,
PAT-34,-8.0524226,-79.0059574,Consolidado,cyan,new,,,,
PAT-35,-8.0525473,-79.0060785,Consolidado,cyan,new,,,,
PAT-36,-8.0495684,-79.0032898,Consolidado,cyan,new,,,,
PAT-38,-8.0506135,-79.0079629,Consolidado,cyan,new,,,,
PAT-40,-8.0538782,-79.0090350,Consolidado,cyan,new,,,,
PAT-41,-8.0539401,-79.0089535,Consolidado,cyan,new,,,,
PAT-46,-8.0656067,-79.0119513,Consolidado,cyan,new,,,,
PAT-47,-8.0655177,-79.0119759,Consolidado,cyan,new,,,,
PAT-48,-8.0636310,-79.0108811,Consolidado,cyan,new,,,,
PAT-49,-8.0635656,-79.0108015,Consolidado,cyan,new,,,,
PAT-54,-8.0594340,-79.0104009,Consolidado,cyan,new,,,,
PAT-62,-8.0609060,-79.0231112,Consolidado,cyan,new,,,,
PAT-63,-8.0610143,-79.0230446,Consolidado,cyan,new,,,,
PAT-64,-8.0690727,-79.0215029,Consolidado,cyan,new,,,,
PAT-67,-8.0655043,-79.0265447,Consolidado,cyan,new,,,,
PAT-68,-8.0618439,-79.0256077,Consolidado,cyan,new,,,,
PAT-7,-8.0607588,-79.0083750,Consolidado,cyan,new,,,,
PAT-70,-8.0674093,-79.0154661,Consolidado,cyan,new,,,,
PAT-71,-8.0636731,-79.0161769,Consolidado,cyan,new,,,,
PAT-73,-8.0654061,-79.0264228,Consolidado,cyan,new,,,,
PAT-74,-8.0618890,-79.0254989,Consolidado,cyan,new,,,,
PAT-76,-8.0673632,-79.0155461,Consolidado,cyan,new,,,,
PAT-8,-8.0645168,-79.0034190,Consolidado,cyan,new,,,,
PAT-81,-8.0672199,-79.0203648,Consolidado,cyan,new,,,,
PAT-82,-8.0667933,-79.0182907,Consolidado,cyan,new,,,,
PAT-84,-8.0671170,-79.0203982,Consolidado,cyan,new,,,,
PAT-86,-8.0697144,-79.0278371,Consolidado,cyan,new,,,,
PAT-91,-8.0637244,-79.0242079,Consolidado,cyan,new,,,,
PAT-98,-8.0651038,-79.0176660,Consolidado,cyan,new,,,,
PE-10,-8.0533872,-79.0789683,Consolidado,cyan,new,,,,
PE-101,-8.0507124,-79.0519408,Consolidado,cyan,new,,,,
PE-102,-8.0493221,-79.0501221,Consolidado,cyan,new,,,,
PE-103,-8.0500964,-79.0511757,Consolidado,cyan,new,,,,
PE-104,-8.0479019,-79.0526946,Consolidado,cyan,new,,,,
PE-106,-8.0437706,-79.0516170,Consolidado,cyan,new,,,,
PE-107,-8.0458445,-79.0500586,Consolidado,cyan,new,,,,
PE-11,-8.0475101,-79.0687500,Consolidado,cyan,new,,,,
PE-111,-8.0507892,-79.0518604,Consolidado,cyan,new,,,,
PE-114,-8.0454931,-79.0502241,Consolidado,cyan,new,,,,
PE-115,-8.0437632,-79.0514816,Consolidado,cyan,new,,,,
PE-118,-8.0500254,-79.0513641,Consolidado,cyan,new,,,,
PE-12,-8.0490054,-79.0704958,Consolidado,cyan,new,,,,
PE-120,-8.0528817,-79.0501314,Consolidado,cyan,new,,,,
PE-121,-8.0551452,-79.0786821,Consolidado,cyan,new,,,,
PE-122,-8.0554951,-79.0768512,Consolidado,cyan,new,,,,
PE-123,-8.0576618,-79.0749319,Consolidado,cyan,new,,,,
PE-124,-8.0573416,-79.0737768,Consolidado,cyan,new,,,,
PE-125,-8.0587873,-79.0745648,Consolidado,cyan,new,,,,
PE-126,-8.0554082,-79.0746153,Consolidado,cyan,new,,,,
PE-127,-8.0522204,-79.0753484,Consolidado,cyan,new,,,,
PE-128,-8.0538648,-79.0739027,Consolidado,cyan,new,,,,
PE-129,-8.0529627,-79.0782874,Consolidado,cyan,new,,,,
PE-13,-8.0509744,-79.0727634,Consolidado,cyan,new,,,,
PE-130,-8.0510148,-79.0760170,Consolidado,cyan,new,,,,
PE-131,-8.0492056,-79.0738970,Consolidado,cyan,new,,,,
PE-132,-8.0473649,-79.0718171,Consolidado,cyan,new,,,,
PE-134,-8.0544130,-79.0766862,Consolidado,cyan,new,,,,
PE-135,-8.0526191,-79.0745627,Consolidado,cyan,new,,,,
PE-136,-8.0508513,-79.0724825,Consolidado,cyan,new,,,,
PE-137,-8.0490266,-79.0703605,Consolidado,cyan,new,,,,
PE-138,-8.0474125,-79.0684325,Consolidado,cyan,new,,,,
PE-139,-8.0510125,-79.0710316,Consolidado,cyan,new,,,,
PE-14,-8.0529748,-79.0751262,Consolidado,cyan,new,,,,
PE-140,-8.0491648,-79.0688696,Consolidado,cyan,new,,,,
PE-141,-8.0558576,-79.0715411,Consolidado,cyan,new,,,,
PE-142,-8.0536933,-79.0703957,Consolidado,cyan,new,,,,
PE-143,-8.0536183,-79.0681323,Consolidado,cyan,new,,,,
PE-144,-8.0550166,-79.0654364,Consolidado,cyan,new,,,,
PE-145,-8.0561657,-79.0632437,Consolidado,cyan,new,,,,
PE-149,-8.0525261,-79.0587036,Consolidado,cyan,new,,,,
PE-15,-8.0545428,-79.0769560,Consolidado,cyan,new,,,,
PE-151,-8.0507888,-79.0657956,Consolidado,cyan,new,,,,
PE-155,-8.0672308,-79.0755152,Consolidado,cyan,new,,,,
PE-156,-8.0645521,-79.0784865,Consolidado,cyan,new,,,,
PE-158,-8.0566792,-79.0792930,Consolidado,cyan,new,,,,
PE-159,-8.0594529,-79.0761233,Consolidado,cyan,new,,,,
PE-16,-8.0489622,-79.0688042,Consolidado,cyan,new,,,,
PE-160,-8.0651663,-79.0653330,Consolidado,cyan,new,,,,
PE-163,-8.0638709,-79.0669947,Consolidado,cyan,new,,,,
PE-164,-8.0629009,-79.0694913,Consolidado,cyan,new,,,,
PE-165,-8.0617711,-79.0716499,Consolidado,cyan,new,,,,
PE-166,-8.0606652,-79.0738046,Consolidado,cyan,new,,,,
PE-167,-8.0644166,-79.0683023,Consolidado,cyan,new,,,,
PE-168,-8.0637175,-79.0702981,Consolidado,cyan,new,,,,
PE-169,-8.0626332,-79.0723551,Consolidado,cyan,new,,,,
PE-17,-8.0510423,-79.0712378,Consolidado,cyan,new,,,,
PE-171,-8.0654087,-79.0707648,Consolidado,cyan,new,,,,
PE-173,-8.0632324,-79.0749801,Consolidado,cyan,new,,,,
PE-175,-8.0575353,-79.0777965,Consolidado,cyan,new,,,,
PE-176,-8.0601747,-79.0769960,Consolidado,cyan,new,,,,
PE-177,-8.0582600,-79.0786431,Consolidado,cyan,new,,,,
PE-179,-8.0778052,-79.0418937,Consolidado,cyan,new,,,,
PE-18,-8.0494141,-79.0684571,Consolidado,cyan,new,,,,
PE-180,-8.0622019,-79.0499468,Consolidado,cyan,new,,,,
PE-181,-8.0648568,-79.0492531,Consolidado,cyan,new,,,,
PE-182,-8.0677103,-79.0481364,Consolidado,cyan,new,,,,
PE-184,-8.0720366,-79.0458058,Consolidado,cyan,new,,,,
PE-185,-8.0748170,-79.0443208,Consolidado,cyan,new,,,,
PE-186,-8.0771087,-79.0430206,Consolidado,cyan,new,,,,
PE-187,-8.0792718,-79.0418243,Consolidado,cyan,new,,,,
PE-188,-8.0635307,-79.0517885,Consolidado,cyan,new,,,,
PE-190,-8.0754380,-79.0414513,Consolidado,cyan,new,,,,
PE-191,-8.0773854,-79.0403844,Consolidado,cyan,new,,,,
PE-193,-8.0654313,-79.0484622,Consolidado,cyan,new,,,,
PE-194,-8.0683102,-79.0469998,Consolidado,cyan,new,,,,
PE-196,-8.0729478,-79.0444167,Consolidado,cyan,new,,,,
PE-201,-8.0722429,-79.0505976,Consolidado,cyan,new,,,,
PE-203,-8.0730642,-79.0549679,Consolidado,cyan,new,,,,
PE-204,-8.0708322,-79.0557785,Consolidado,cyan,new,,,,
PE-206,-8.0656192,-79.0575885,Consolidado,cyan,new,,,,
PE-209,-8.0650031,-79.0604197,Consolidado,cyan,new,,,,
PE-214,-8.0731799,-79.0614775,Consolidado,cyan,new,,,,
PE-216,-8.0742954,-79.0564347,Consolidado,cyan,new,,,,
PE-219,-8.0808386,-79.0548277,Consolidado,cyan,new,,,,
PE-22,-8.0602878,-79.0769720,Consolidado,cyan,new,,,,
PE-220,-8.0808932,-79.0501607,Consolidado,cyan,new,,,,
PE-221,-8.0779886,-79.0514801,Consolidado,cyan,new,,,,
PE-226,-8.0807074,-79.0484127,Consolidado,cyan,new,,,,
PE-228,-8.0567846,-79.0502198,Consolidado,cyan,new,,,,
PE-229,-8.0575201,-79.0488729,Consolidado,cyan,new,,,,
PE-23,-8.0584344,-79.0785692,Consolidado,cyan,new,,,,
PE-230,-8.0564311,-79.0509376,Consolidado,cyan,new,,,,
PE-234,-8.0627853,-79.0478730,Consolidado,cyan,new,,,,
PE-235,-8.0644393,-79.0461571,Consolidado,cyan,new,,,,
PE-24,-8.0566034,-79.0793470,Consolidado,cyan,new,,,,
PE-241,-8.0679315,-79.0475825,Consolidado,cyan,new,,,,
PE-244,-8.0737571,-79.0412500,Consolidado,cyan,new,,,,
PE-247,-8.0821358,-79.0492040,Consolidado,cyan,new,,,,
PE-249,-8.0819692,-79.0469545,Consolidado,cyan,new,,,,
PE-25,-8.0580970,-79.0810866,Consolidado,cyan,new,,,,
PE-250,-8.0811493,-79.0466160,Consolidado,cyan,new,,,,
PE-252,-8.0714219,-79.0628071,Consolidado,cyan,new,,,,
PE-257,-8.0712093,-79.0670939,Consolidado,cyan,new,,,,
PE-259,-8.0701198,-79.0699279,Consolidado,cyan,new,,,,
PE-26,-8.0594817,-79.0827196,Consolidado,cyan,new,,,,
PE-261,-8.0689544,-79.0726543,Consolidado,cyan,new,,,,
PE-263,-8.0691065,-79.0672103,Consolidado,cyan,new,,,,
PE-264,-8.0689103,-79.0668874,Consolidado,cyan,new,,,,
PE-269,-8.0645925,-79.0618756,Consolidado,cyan,new,,,,
PE-27,-8.0619237,-79.0812839,Consolidado,cyan,new,,,,
PE-270,-8.0644019,-79.0618425,Consolidado,cyan,new,,,,
PE-275,-8.0533903,-79.0552004,Consolidado,cyan,new,,,,
PE-278,-8.0572411,-79.0598612,Consolidado,cyan,new,,,,
PE-282,-8.0539729,-79.0558007,Consolidado,cyan,new,,,,
PE-283,-8.0473756,-79.0709189,Consolidado,cyan,new,,,,
PE-286,-8.0818227,-79.0400441,Consolidado,cyan,new,,,,
PE-288,-8.0847742,-79.0409370,Consolidado,cyan,new,,,,
PE-290,-8.0817259,-79.0399579,Consolidado,cyan,new,,,,
PE-293,-8.0775684,-79.0351317,Consolidado,cyan,new,,,,
PE-295,-8.0789134,-79.0335143,Consolidado,cyan,new,,,,
PE-297,-8.0756213,-79.0349157,Consolidado,cyan,new,,,,
PE-299,-8.0809123,-79.0324562,Consolidado,cyan,new,,,,
PE-30,-8.0654698,-79.0654286,Consolidado,cyan,new,,,,
PE-301,-8.0830070,-79.0430778,Consolidado,cyan,new,,,,
PE-302,-8.0837564,-79.0424333,Consolidado,cyan,new,,,,
PE-307,-8.0823870,-79.0401015,Consolidado,cyan,new,,,,
PE-309,-8.0779806,-79.0383812,Consolidado,cyan,new,,,,
PE-311,-8.0768838,-79.0376102,Consolidado,cyan,new,,,,
PE-312,-8.0768933,-79.0375019,Consolidado,cyan,new,,,,
PE-313,-8.0806425,-79.0369042,Consolidado,cyan,new,,,,
PE-315,-8.0836553,-79.0351573,Consolidado,cyan,new,,,,
PE-317,-8.0865085,-79.0335426,Consolidado,cyan,new,,,,
PE-319,-8.0816258,-79.0324612,Consolidado,cyan,new,,,,
PE-32,-8.0673310,-79.0754919,Consolidado,cyan,new,,,,
PE-321,-8.0779075,-79.0358248,Consolidado,cyan,new,,,,
PE-323,-8.0805595,-79.0343248,Consolidado,cyan,new,,,,
PE-325,-8.0834781,-79.0327812,Consolidado,cyan,new,,,,
PE-329,-8.0788609,-79.0324188,Consolidado,cyan,new,,,,
PE-332,-8.0683271,-79.0343211,Consolidado,cyan,new,,,,
PE-334,-8.0629450,-79.0339188,Consolidado,cyan,new,,,,
PE-338,-8.0712789,-79.0342138,Consolidado,cyan,new,,,,
PE-341,-8.0686017,-79.0347660,Consolidado,cyan,new,,,,
PE-343,-8.0665027,-79.0360159,Consolidado,cyan,new,,,,
PE-344,-8.0678167,-79.0374148,Consolidado,cyan,new,,,,
PE-345,-8.0675714,-79.0371969,Consolidado,cyan,new,,,,
PE-346,-8.0664478,-79.0396036,Consolidado,cyan,new,,,,
PE-347,-8.0665670,-79.0395640,Consolidado,cyan,new,,,,
PE-348,-8.0636067,-79.0404295,Consolidado,cyan,new,,,,
PE-349,-8.0643386,-79.0417705,Consolidado,cyan,new,,,,
PE-352,-8.0805898,-79.0418945,Consolidado,cyan,new,,,,
PE-353,-8.0807456,-79.0418507,Consolidado,cyan,new,,,,
PE-37,-8.0661234,-79.0573282,Consolidado,cyan,new,,,,
PE-39,-8.0705230,-79.0558537,Consolidado,cyan,new,,,,
PE-41,-8.0759231,-79.0477443,Consolidado,cyan,new,,,,
PE-43,-8.0637257,-79.0520044,Consolidado,cyan,new,,,,
PE-45,-8.0763807,-79.0468353,Consolidado,cyan,new,,,,
PE-46,-8.0792547,-79.0451941,Consolidado,cyan,new,,,,
PE-47,-8.0744018,-79.0565049,Consolidado,cyan,new,,,,
PE-5,-8.0467223,-79.0685845,Consolidado,cyan,new,,,,
PE-50,-8.0724897,-79.0492565,Consolidado,cyan,new,,,,
PE-52,-8.0646658,-79.0493035,Consolidado,cyan,new,,,,
PE-53,-8.0676206,-79.0482491,Consolidado,cyan,new,,,,
PE-55,-8.0721624,-79.0456464,Consolidado,cyan,new,,,,
PE-56,-8.0746795,-79.0443665,Consolidado,cyan,new,,,,
PE-57,-8.0769520,-79.0431166,Consolidado,cyan,new,,,,
PE-58,-8.0787356,-79.0421107,Consolidado,cyan,new,,,,
PE-59,-8.0620253,-79.0500282,Consolidado,cyan,new,,,,
PE-61,-8.0655458,-79.0483987,Consolidado,cyan,new,,,,
PE-62,-8.0684346,-79.0469714,Consolidado,cyan,new,,,,
PE-64,-8.0728895,-79.0445185,Consolidado,cyan,new,,,,
PE-66,-8.0775935,-79.0419606,Consolidado,cyan,new,,,,
PE-74,-8.0632474,-79.0474714,Consolidado,cyan,new,,,,
PE-75,-8.0648641,-79.0457973,Consolidado,cyan,new,,,,
PE-77,-8.0679599,-79.0478116,Consolidado,cyan,new,,,,
PE-84,-8.0775439,-79.0403689,Consolidado,cyan,new,,,,
PE-86,-8.0781728,-79.0514762,Consolidado,cyan,new,,,,
PE-87,-8.0810635,-79.0501693,Consolidado,cyan,new,,,,
PE-89,-8.0784874,-79.0558970,Consolidado,cyan,new,,,,
PE-9,-8.0513339,-79.0765439,Consolidado,cyan,new,,,,
PE-94,-8.0735723,-79.0584537,Consolidado,cyan,new,,,,
PE-98,-8.0466333,-79.0574802,Consolidado,cyan,new,,,,
PE-99,-8.0517147,-79.0573379,Consolidado,cyan,new,,,,
PFM-100,-8.0751990,-79.0229329,Consolidado,cyan,new,,,,
PFM-101,-8.0805455,-79.0189497,Consolidado,cyan,new,,,,
PFM-102,-8.0796036,-79.0158208,Consolidado,cyan,new,,,,
PFM-104,-8.0806553,-79.0190132,Consolidado,cyan,new,,,,
PFM-105,-8.0768681,-79.0226164,Consolidado,cyan,new,,,,
PFM-106,-8.0768976,-79.0225113,Consolidado,cyan,new,,,,
PFM-11,-8.0831286,-79.0242209,Consolidado,cyan,new,,,,
PFM-12,-8.0830520,-79.0242926,Consolidado,cyan,new,,,,
PFM-15,-8.0776594,-79.0248784,Consolidado,cyan,new,,,,
PFM-16,-8.0761330,-79.0203772,Consolidado,cyan,new,,,,
PFM-17,-8.0797043,-79.0196721,Consolidado,cyan,new,,,,
PFM-18,-8.0839135,-79.0187287,Consolidado,cyan,new,,,,
PFM-2,-8.0803007,-79.0122048,Consolidado,cyan,new,,,,
PFM-22,-8.0753421,-79.0136748,Consolidado,cyan,new,,,,
PFM-23,-8.0752494,-79.0137516,Consolidado,cyan,new,,,,
PFM-24,-8.0857796,-79.0165788,Consolidado,cyan,new,,,,
PFM-25,-8.0872126,-79.0263157,Consolidado,cyan,new,,,,
PFM-26,-8.0867401,-79.0226666,Consolidado,cyan,new,,,,
PFM-27,-8.0863014,-79.0199551,Consolidado,cyan,new,,,,
PFM-28,-8.0837409,-79.0188501,Consolidado,cyan,new,,,,
PFM-29,-8.0845681,-79.0232741,Consolidado,cyan,new,,,,
PFM-3,-8.0728595,-79.0209204,Consolidado,cyan,new,,,,
PFM-30,-8.0796005,-79.0197762,Consolidado,cyan,new,,,,
PFM-31,-8.0858925,-79.0166589,Consolidado,cyan,new,,,,
PFM-32,-8.0872923,-79.0263612,Consolidado,cyan,new,,,,
PFM-33,-8.0868323,-79.0227315,Consolidado,cyan,new,,,,
PFM-34,-8.0864100,-79.0200443,Consolidado,cyan,new,,,,
PFM-35,-8.0788277,-79.0263912,Consolidado,cyan,new,,,,
PFM-37,-8.0783783,-79.0175674,Consolidado,cyan,new,,,,
PFM-38,-8.0782727,-79.0175315,Consolidado,cyan,new,,,,
PFM-39,-8.0886950,-79.0265223,Consolidado,cyan,new,,,,
PFM-41,-8.0863649,-79.0267987,Consolidado,cyan,new,,,,
PFM-42,-8.0841867,-79.0270852,Consolidado,cyan,new,,,,
PFM-43,-8.0821844,-79.0273156,Consolidado,cyan,new,,,,
PFM-44,-8.0799614,-79.0276230,Consolidado,cyan,new,,,,
PFM-49,-8.0805819,-79.0303300,Consolidado,cyan,new,,,,
PFM-5,-8.0876268,-79.0300744,Consolidado,cyan,new,,,,
PFM-50,-8.0802882,-79.0271940,Consolidado,cyan,new,,,,
PFM-51,-8.0799520,-79.0234545,Consolidado,cyan,new,,,,
PFM-55,-8.0770030,-79.0158262,Consolidado,cyan,new,,,,
PFM-59,-8.0744894,-79.0173726,Consolidado,cyan,new,,,,
PFM-61,-8.0747301,-79.0167376,Consolidado,cyan,new,,,,
PFM-64,-8.0836505,-79.0253288,Consolidado,cyan,new,,,,
PFM-66,-8.0838647,-79.0280780,Consolidado,cyan,new,,,,
PFM-67,-8.0839012,-79.0279664,Consolidado,cyan,new,,,,
PFM-7,-8.0738151,-79.0251873,Consolidado,cyan,new,,,,
PFM-70,-8.0846388,-79.0255837,Consolidado,cyan,new,,,,
PFM-72,-8.0878795,-79.0251283,Consolidado,cyan,new,,,,
PFM-76,-8.0807811,-79.0220543,Consolidado,cyan,new,,,,
PFM-78,-8.0808623,-79.0256418,Consolidado,cyan,new,,,,
PFM-8,-8.0737220,-79.0252657,Consolidado,cyan,new,,,,
PFM-80,-8.0812042,-79.0294089,Consolidado,cyan,new,,,,
PFM-82,-8.0789068,-79.0294529,Consolidado,cyan,new,,,,
PFM-88,-8.0727021,-79.0275422,Consolidado,cyan,new,,,,
PFM-90,-8.0780774,-79.0296014,Consolidado,cyan,new,,,,
PFM-92,-8.0756145,-79.0300411,Consolidado,cyan,new,,,,
PFM-94,-8.0728057,-79.0294648,Consolidado,cyan,new,,,,
PFM-96,-8.0757594,-79.0257714,Consolidado,cyan,new,,,,
PH-1,-8.0885672,-79.1152844,Consolidado,cyan,new,,,,
PH-10,-8.0785825,-79.1204700,Consolidado,cyan,new,,,,
PH-104,-8.0012454,-79.0722103,Consolidado,cyan,new,,,,
PH-106,-8.0142274,-79.0663054,Consolidado,cyan,new,,,,
PH-108,-8.0354181,-79.0637393,Consolidado,cyan,new,,,,
PH-111,-8.0234280,-79.0648949,Consolidado,cyan,merge,11911534030,Calle Alfonso Ugarte,11.9,
PH-114,-8.0342637,-79.0613915,Consolidado,cyan,new,,,,
PH-115,-8.0376507,-79.0602041,Consolidado,cyan,new,,,,
PH-12,-8.0860040,-79.1222823,Consolidado,cyan,new,,,,
PH-120,-8.0512139,-79.0844214,Consolidado,cyan,new,,,,
PH-121,-8.0525756,-79.0817881,Consolidado,cyan,new,,,,
PH-123,-8.0203087,-79.0706564,Consolidado,cyan,new,,,,
PH-124,-8.0262537,-79.0683855,Consolidado,cyan,new,,,,
PH-126,-8.0229589,-79.0696453,Consolidado,cyan,new,,,,
PH-127,-8.0355406,-79.0639400,Consolidado,cyan,new,,,,
PH-129,-8.0191580,-79.0661336,Consolidado,cyan,new,,,,
PH-13,-8.0891681,-79.1197273,Consolidado,cyan,merge,12121155280,Avenida la Rivera,23.4,
PH-130,-8.0229559,-79.0649224,Consolidado,cyan,new,,,,
PH-133,-8.0344887,-79.0611403,Consolidado,cyan,new,,,,
PH-14,-8.0913396,-79.1179093,Consolidado,cyan,new,,,,
PH-140,-8.0117564,-79.0686155,Consolidado,cyan,new,,,,
PH-141,-8.0144948,-79.0661484,Consolidado,cyan,new,,,,
PH-143,-8.0294670,-79.0673487,Consolidado,cyan,new,,,,
PH-145,-8.0343478,-79.0671909,Consolidado,cyan,new,,,,
PH-147,-8.0364477,-79.0708489,Consolidado,cyan,new,,,,
PH-152,-8.0447344,-79.0731429,Consolidado,cyan,new,,,,
PH-153,-8.0449004,-79.0730631,Consolidado,cyan,new,,,,
PH-158,-8.0383547,-79.0725194,Consolidado,cyan,new,,,,
PH-159,-8.0383650,-79.0724132,Consolidado,cyan,new,,,,
PH-164,-8.0999365,-79.0568686,Consolidado,cyan,new,,,,
PH-166,-8.0963821,-79.0556056,Consolidado,cyan,new,,,,
PH-18,-8.0678713,-79.1116806,Consolidado,cyan,new,,,,
PH-2,-8.0862166,-79.1144837,Consolidado,cyan,new,,,,
PH-20,-8.0735226,-79.1143749,Consolidado,cyan,new,,,,
PH-21,-8.0759939,-79.1154194,Consolidado,cyan,new,,,,
PH-22,-8.0796635,-79.1166180,Consolidado,cyan,new,,,,
PH-26,-8.0925294,-79.1055809,Consolidado,cyan,new,,,,
PH-29,-8.0898534,-79.1189116,Consolidado,cyan,new,,,,
PH-33,-8.0827125,-79.1195836,Consolidado,cyan,new,,,,
PH-34,-8.0815296,-79.1184274,Consolidado,cyan,new,,,,
PH-37,-8.0856184,-79.1143657,Consolidado,cyan,new,,,,
PH-38,-8.0888302,-79.1153856,Consolidado,cyan,new,,,,
PH-40,-8.0754246,-79.1153403,Consolidado,cyan,new,,,,
PH-41,-8.0723531,-79.1156960,Consolidado,cyan,new,,,,
PH-42,-8.0683357,-79.1169754,Consolidado,cyan,new,,,,
PH-48,-8.0912967,-79.0846524,Consolidado,cyan,new,,,,
PH-49,-8.0925669,-79.0803176,Consolidado,cyan,new,,,,
PH-50,-8.0932446,-79.0765552,Consolidado,cyan,new,,,,
PH-52,-8.0982767,-79.0687276,Consolidado,cyan,new,,,,
PH-53,-8.0998802,-79.0648293,Consolidado,cyan,new,,,,
PH-54,-8.1004971,-79.0616460,Consolidado,cyan,new,,,,
PH-56,-8.1027977,-79.1028561,Consolidado,cyan,new,,,,
PH-6,-8.0799599,-79.1185439,Consolidado,cyan,new,,,,
PH-66,-8.0995630,-79.0649709,Consolidado,cyan,new,,,,
PH-70,-8.0910791,-79.0846485,Consolidado,cyan,new,,,,
PH-71,-8.0897285,-79.0885843,Consolidado,cyan,new,,,,
PH-80,-8.0880754,-79.0944991,Consolidado,cyan,new,,,,
PH-82,-8.0878973,-79.0944031,Consolidado,cyan,new,,,,
PH-88,-8.0855391,-79.0526454,Consolidado,cyan,new,,,,
PH-89,-8.0178772,-79.0717329,Consolidado,cyan,new,,,,
PH-92,-8.0203867,-79.0707707,Consolidado,cyan,new,,,,
PH-94,-8.0262616,-79.0685253,Consolidado,cyan,new,,,,
PH-95,-8.0292226,-79.0675175,Consolidado,cyan,new,,,,
PH-96,-8.0318797,-79.0666986,Consolidado,cyan,new,,,,
PH-99,-8.0364955,-79.0707353,Consolidado,cyan,new,,,,
PP-1,-8.0668866,-79.0041567,Consolidado,cyan,new,,,,
PP-101,-8.0724338,-79.0042730,Consolidado,cyan,new,,,,
PP-102,-8.0724100,-79.0043625,Consolidado,cyan,new,,,,
PP-103,-8.0699131,-79.0040774,Consolidado,cyan,new,,,,
PP-105,-8.0718047,-79.0057648,Consolidado,cyan,new,,,,
PP-106,-8.0717218,-79.0032977,Consolidado,cyan,new,,,,
PP-108,-8.0693030,-79.0021610,Consolidado,cyan,new,,,,
PP-110,-8.0665313,-79.0022366,Consolidado,cyan,new,,,,
PP-112,-8.0778350,-78.9969846,Consolidado,cyan,new,,,,
PP-114,-8.0787205,-78.9942742,Consolidado,cyan,new,,,,
PP-118,-8.0762098,-79.0016644,Consolidado,cyan,new,,,,
PP-126,-8.0749659,-79.0070694,Consolidado,cyan,new,,,,
PP-127,-8.0785325,-79.0089952,Consolidado,cyan,new,,,,
PP-13,-8.0769694,-78.9926894,Consolidado,cyan,new,,,,
PP-134,-8.0698357,-79.0120301,Consolidado,cyan,new,,,,
PP-138,-8.0691946,-79.0107518,Consolidado,cyan,new,,,,
PP-14,-8.0749171,-78.9935766,Consolidado,cyan,new,,,,
PP-140,-8.0716978,-79.0063738,Consolidado,cyan,new,,,,
PP-142,-8.0686162,-79.0063856,Consolidado,cyan,new,,,,
PP-144,-8.0861796,-79.0088574,Consolidado,cyan,new,,,,
PP-145,-8.0863878,-79.0059746,Consolidado,cyan,new,,,,
PP-146,-8.0855788,-79.0122007,Consolidado,cyan,new,,,,
PP-147,-8.0732362,-78.9995300,Consolidado,cyan,new,,,,
PP-148,-8.0733307,-78.9995544,Consolidado,cyan,new,,,,
PP-152,-8.0677962,-79.0042818,Consolidado,cyan,new,,,,
PP-154,-8.0696425,-78.9954009,Consolidado,cyan,new,,,,
PP-155,-8.0694986,-78.9953944,Consolidado,cyan,new,,,,
PP-158,-8.0655910,-78.9932455,Consolidado,cyan,new,,,,
PP-16,-8.0742353,-78.9905465,Consolidado,cyan,new,,,,
PP-164,-8.0722846,-78.9927219,Consolidado,cyan,new,,,,
PP-166,-8.0711028,-78.9956520,Consolidado,cyan,new,,,,
PP-170,-8.0837239,-78.9975499,Consolidado,cyan,new,,,,
PP-172,-8.0729311,-78.9980621,Consolidado,cyan,new,,,,
PP-174,-8.0747842,-79.0012593,Consolidado,cyan,new,,,,
PP-176,-8.0831641,-79.0138680,Consolidado,cyan,new,,,,
PP-177,-8.0803811,-79.0120565,Consolidado,cyan,new,,,,
PP-178,-8.0771916,-79.0122625,Consolidado,cyan,new,,,,
PP-18,-8.0804605,-79.0085582,Consolidado,cyan,new,,,,
PP-181,-8.0717816,-79.0146000,Consolidado,cyan,new,,,,
PP-182,-8.0717238,-79.0146838,Consolidado,cyan,new,,,,
PP-185,-8.0717928,-79.0197268,Consolidado,cyan,new,,,,
PP-187,-8.0709397,-79.0157151,Consolidado,cyan,new,,,,
PP-19,-8.0842350,-79.0093643,Consolidado,cyan,new,,,,
PP-191,-8.0691230,-79.0166140,Consolidado,cyan,new,,,,
PP-192,-8.0691611,-79.0167100,Consolidado,cyan,new,,,,
PP-2,-8.0720672,-78.9939223,Consolidado,cyan,new,,,,
PP-20,-8.0813644,-79.0093835,Consolidado,cyan,new,,,,
PP-25,-8.0869607,-79.0013652,Consolidado,cyan,new,,,,
PP-26,-8.0879275,-78.9980693,Consolidado,cyan,new,,,,
PP-32,-8.0744531,-78.9948710,Consolidado,cyan,new,,,,
PP-34,-8.0715120,-78.9903550,Consolidado,cyan,new,,,,
PP-35,-8.0678251,-78.9851967,Consolidado,cyan,new,,,,
PP-36,-8.0666900,-78.9859549,Consolidado,cyan,new,,,,
PP-37,-8.0741255,-78.9913915,Consolidado,cyan,new,,,,
PP-40,-8.0829646,-79.0009174,Consolidado,cyan,new,,,,
PP-43,-8.0881309,-78.9981133,Consolidado,cyan,new,,,,
PP-44,-8.0871914,-79.0013315,Consolidado,cyan,new,,,,
PP-5,-8.0690162,-78.9927085,Consolidado,cyan,new,,,,
PP-50,-8.0842065,-79.0001625,Consolidado,cyan,new,,,,
PP-51,-8.0840205,-79.0001983,Consolidado,cyan,new,,,,
PP-52,-8.0662863,-78.9917880,Consolidado,cyan,new,,,,
PP-53,-8.0689580,-78.9928678,Consolidado,cyan,new,,,,
PP-54,-8.0721004,-78.9941149,Consolidado,cyan,new,,,,
PP-55,-8.0744037,-78.9950369,Consolidado,cyan,new,,,,
PP-56,-8.0772027,-78.9961574,Consolidado,cyan,new,,,,
PP-57,-8.0770633,-78.9933649,Consolidado,cyan,new,,,,
PP-62,-8.0872170,-78.9963388,Consolidado,cyan,new,,,,
PP-64,-8.0864962,-78.9988730,Consolidado,cyan,new,,,,
PP-66,-8.0858133,-79.0011545,Consolidado,cyan,new,,,,
PP-68,-8.0850744,-79.0039192,Consolidado,cyan,new,,,,
PP-7,-8.0677649,-78.9961527,Consolidado,cyan,new,,,,
PP-70,-8.0857424,-79.0031939,Consolidado,cyan,new,,,,
PP-72,-8.0834559,-79.0030990,Consolidado,cyan,new,,,,
PP-74,-8.0677646,-78.9962666,Consolidado,cyan,new,,,,
PP-77,-8.0649188,-78.9951616,Consolidado,cyan,new,,,,
PP-78,-8.0640607,-78.9903686,Consolidado,cyan,new,,,,
PP-80,-8.0641839,-78.9908436,Consolidado,cyan,new,,,,
PP-9,-8.0663240,-78.9916576,Consolidado,cyan,new,,,,
PP-91,-8.0806798,-79.0020381,Consolidado,cyan,new,,,,
PP-95,-8.0770288,-79.0060677,Consolidado,cyan,new,,,,
PP-97,-8.0782346,-79.0069731,Consolidado,cyan,new,,,,
PVL-1,-8.1377151,-79.0500497,DATA SET Victor Larco.csv Events,cyan,new,,,,
PVL-11,-8.1427463,-79.0484424,DATA SET Victor Larco.csv Events,cyan,new,,,,
PVL-12,-8.1456969,-79.0508620,DATA SET Victor Larco.csv Events,cyan,new,,,,
PVL-13,-8.1485167,-79.0498466,DATA SET Victor Larco.csv Events,cyan,new,,,,
PVL-15,-8.1447642,-79.0536381,DATA SET Victor Larco.csv Events,cyan,new,,,,
PVL-19,-8.1399929,-79.0522118,DATA SET Victor Larco.csv Events,cyan,new,,,,
PVL-2,-8.1400274,-79.0519929,DATA SET Victor Larco.csv Events,cyan,new,,,,
PVL-20,-8.1374203,-79.0500762,DATA SET Victor Larco.csv Events,cyan,new,,,,
PVL-23,-8.1358544,-79.0423196,DATA SET Victor Larco.csv Events,cyan,new,,,,
PVL-24,-8.1368126,-79.0400983,DATA SET Victor Larco.csv Events,cyan,new,,,,
PVL-29,-8.1419808,-79.0481355,DATA SET Victor Larco.csv Events,cyan,new,,,,
PVL-3,-8.1429608,-79.0545049,DATA SET Victor Larco.csv Events,cyan,new,,,,
PVL-30,-8.1450311,-79.0505606,DATA SET Victor Larco.csv Events,cyan,new,,,,
PVL-31,-8.1479676,-79.0505444,DATA SET Victor Larco.csv Events,cyan,new,,,,
PVL-33,-8.1447275,-79.0537444,DATA SET Victor Larco.csv Events,cyan,new,,,,
PVL-34,-8.1287240,-79.0485188,DATA SET Victor Larco.csv Events,cyan,new,,,,
PVL-35,-8.1288141,-79.0483569,DATA SET Victor Larco.csv Events,cyan,new,,,,
PVL-38,-8.1330894,-79.0489540,DATA SET Victor Larco.csv Events,cyan,new,,,,
PVL-42,-8.1503048,-79.0446185,DATA SET Victor Larco.csv Events,cyan,new,,,,
PVL-44,-8.1476653,-79.0444878,DATA SET Victor Larco.csv Events,cyan,new,,,,
PVL-45,-8.1454350,-79.0469949,DATA SET Victor Larco.csv Events,cyan,new,,,,
PVL-46,-8.1436942,-79.0490274,DATA SET Victor Larco.csv Events,cyan,new,,,,
PVL-5,-8.1387377,-79.0604828,DATA SET Victor Larco.csv Events,cyan,new,,,,
PVL-SC-HUAMAN,-8.1367921,-79.0395374,DATA SET Victor Larco.csv Events,cyan,new,,,,
PVL-SC3,-8.1337364,-79.0384177,DATA SET Victor Larco.csv Events,cyan,new,,,,
PL-100,-8.1103474,-78.9930865,LAREDO,cyan,new,,,,
PL-104,-8.1094242,-78.9915765,LAREDO,cyan,new,,,,
PL-105,-8.1094037,-78.9897148,LAREDO,cyan,new,,,,
PL-13,-8.0823366,-78.9554472,LAREDO,cyan,new,,,,
PL-15,-8.0903123,-78.9640547,LAREDO,cyan,new,,,,
PL-20,-8.0889753,-78.9635073,LAREDO,cyan,new,,,,
PL-21,-8.0902598,-78.9749250,LAREDO,cyan,new,,,,
PL-26,-8.0918744,-78.9650079,LAREDO,cyan,new,,,,
PL-27,-8.0867526,-78.9912397,LAREDO,cyan,new,,,,
PL-28,-8.0895382,-78.9566525,LAREDO,cyan,new,,,,
PL-29,-8.0777548,-78.9496140,LAREDO,cyan,new,,,,
PL-37,-8.0833038,-78.9527258,LAREDO,cyan,new,,,,
PL-42,-8.0918651,-78.9647742,LAREDO,cyan,new,,,,
PL-45,-8.0844190,-78.9599808,LAREDO,cyan,new,,,,
PL-48,-8.0903817,-78.9750568,LAREDO,cyan,new,,,,
PL-53,-8.0823828,-78.9553352,LAREDO,cyan,new,,,,
PL-55,-8.0869308,-78.9910364,LAREDO,cyan,new,,,,
PL-64,-8.0913307,-78.9719515,LAREDO,cyan,new,,,,
PL-65,-8.0914369,-78.9720450,LAREDO,cyan,new,,,,
PL-68,-8.0779062,-78.9560530,LAREDO,cyan,new,,,,
PL-69,-8.0778780,-78.9559310,LAREDO,cyan,new,,,,
PL-70,-8.0756728,-78.9575993,LAREDO,cyan,new,,,,
PL-72,-8.0732395,-78.9573763,LAREDO,cyan,new,,,,
PL-73,-8.0731556,-78.9574229,LAREDO,cyan,new,,,,
PL-74,-8.0711808,-78.9548467,LAREDO,cyan,new,,,,
PL-75,-8.0712887,-78.9548792,LAREDO,cyan,new,,,,
PL-78,-8.0684744,-78.9527083,LAREDO,cyan,new,,,,
PL-88,-8.0662018,-78.9778818,LAREDO,cyan,new,,,,
PL-92,-8.0868701,-78.9918826,LAREDO,cyan,new,,,,
PL-95,-8.0769299,-78.9924734,LAREDO,cyan,new,,,,
PL-97,-8.1092908,-78.9896986,LAREDO,cyan,new,,,,
PL-99,-8.1092964,-78.9915819,LAREDO,cyan,new,,,,
PM-1,-8.1528521,-79.0120374,Moche,cyan,new,,,,
PM-101,-8.1792137,-78.9936273,Moche,cyan,new,,,,
PM-102,-8.1835616,-78.9935808,Moche,cyan,new,,,,
PM-103,-8.1851345,-78.9916017,Moche,cyan,new,,,,
PM-104,-8.1870925,-78.9897928,Moche,cyan,new,,,,
PM-106,-8.1817216,-78.9942852,Moche,cyan,new,,,,
PM-107,-8.1844429,-78.9906320,Moche,cyan,new,,,,
PM-108,-8.1879669,-78.9943157,Moche,cyan,new,,,,
PM-109,-8.1853436,-78.9952018,Moche,cyan,new,,,,
PM-110,-8.1822015,-78.9962412,Moche,cyan,new,,,,
PM-114,-8.1816068,-78.9919865,Moche,cyan,new,,,,
PM-115,-8.1835299,-78.9880494,Moche,cyan,new,,,,
PM-12,-8.1823127,-79.0118523,Moche,cyan,new,,,,
PM-122,-8.1369074,-79.0164493,Moche,cyan,new,,,,
PM-125,-8.1400721,-79.0144407,Moche,cyan,new,,,,
PM-126,-8.1121228,-78.9984161,Moche,cyan,new,,,,
PM-18,-8.1715419,-79.0113263,Moche,cyan,new,,,,
PM-25,-8.1708904,-79.0022356,Moche,cyan,new,,,,
PM-26,-8.1734734,-78.9988574,Moche,cyan,new,,,,
PM-28,-8.1487098,-79.0116854,Moche,cyan,new,,,,
PM-31,-8.1436099,-78.9991950,Moche,cyan,new,,,,
PM-32,-8.1397134,-78.9980847,Moche,cyan,new,,,,
PM-34,-8.1342703,-78.9966881,Moche,cyan,new,,,,
PM-35,-8.1385754,-78.9939314,Moche,cyan,new,,,,
PM-39,-8.1475498,-79.0058303,Moche,cyan,new,,,,
PM-4,-8.1779895,-79.0141359,Moche,cyan,new,,,,
PM-40,-8.1528574,-79.0118688,Moche,cyan,new,,,,
PM-45,-8.1780372,-79.0160342,Moche,cyan,new,,,,
PM-46,-8.1771090,-79.0153955,Moche,cyan,new,,,,
PM-47,-8.1820721,-79.0118064,Moche,cyan,new,,,,
PM-48,-8.1847173,-79.0103151,Moche,cyan,new,,,,
PM-5,-8.1800686,-79.0128595,Moche,cyan,new,,,,
PM-52,-8.1876327,-79.0059138,Moche,cyan,new,,,,
PM-56,-8.1716275,-79.0112971,Moche,cyan,new,,,,
PM-6,-8.1772550,-79.0152849,Moche,cyan,new,,,,
PM-62,-8.1684356,-79.0058620,Moche,cyan,new,,,,
PM-64,-8.1710932,-79.0023070,Moche,cyan,new,,,,
PM-65,-8.1739403,-78.9986689,Moche,cyan,new,,,,
PM-69,-8.1486869,-79.0118118,Moche,cyan,new,,,,
PM-7,-8.1692068,-79.0106990,Moche,cyan,merge,12121157801,Jirón José Galvez,27.9,
PM-71,-8.1760158,-78.9957028,Moche,cyan,new,,,,
PM-72,-8.1384144,-78.9938007,Moche,cyan,new,,,,
PM-73,-8.1344110,-78.9965503,Moche,cyan,new,,,,
PM-76,-8.1435688,-78.9992882,Moche,cyan,new,,,,
PM-8,-8.1781298,-79.0160564,Moche,cyan,new,,,,
PM-80,-8.1356992,-78.9952113,Moche,cyan,new,,,,
PM-87,-8.1887133,-79.0061386,Moche,cyan,new,,,,
PM-88,-8.1887912,-79.0062284,Moche,cyan,new,,,,
PM-89,-8.1770898,-78.9963901,Moche,cyan,new,,,,
PM-92,-8.1809281,-78.9894656,Moche,cyan,new,,,,
PM-94,-8.1824072,-78.9934343,Moche,cyan,new,,,,
PM-95,-8.1792771,-78.9970905,Moche,cyan,new,,,,
PM-97,-8.1845298,-78.9957128,Moche,cyan,new,,,,
PM-98,-8.1883389,-78.9945497,Moche,cyan,new,,,,
PM-SC-01,-8.1399451,-79.0142003,Moche,cyan,new,,,,
PM-SC4,-8.1807516,-78.9893114,Moche,cyan,new,,,,
PM-SC6,-8.1853963,-78.9831312,Moche,cyan,new,,,,
PS-12,-8.1906759,-78.9934705,Paraderos_Salaverry,cyan,new,,,,
PS-14,-8.1953930,-78.9902912,Paraderos_Salaverry,cyan,new,,,,
PS-15,-8.1986344,-78.9881724,Paraderos_Salaverry,cyan,new,,,,
PS-18,-8.2067868,-78.9826991,Paraderos_Salaverry,cyan,new,,,,
PS-20,-8.2125004,-78.9809040,Paraderos_Salaverry,cyan,new,,,,
PS-21,-8.2157239,-78.9802469,Paraderos_Salaverry,cyan,new,,,,
PS-23,-8.2206898,-78.9777886,Paraderos_Salaverry,cyan,new,,,,
PS-25,-8.2229612,-78.9743363,Paraderos_Salaverry,cyan,new,,,,
PS-26,-8.2205022,-78.9748325,Paraderos_Salaverry,cyan,new,,,,
PS-27,-8.2195489,-78.9722194,Paraderos_Salaverry,cyan,new,,,,
PS-36,-8.1888284,-78.9862486,Paraderos_Salaverry,cyan,new,,,,
PS-4,-8.1852327,-78.9838078,Paraderos_Salaverry,cyan,new,,,,
PS-40,-8.1909656,-78.9827115,Paraderos_Salaverry,cyan,new,,,,
PS-42,-8.1864470,-78.9879346,Paraderos_Salaverry,cyan,new,,,,
PS-45,-8.2202604,-78.9739590,Paraderos_Salaverry,cyan,new,,,,
PS-47,-8.2171853,-78.9770527,Paraderos_Salaverry,cyan,new,,,,
PS-49,-8.2114770,-78.9785514,Paraderos_Salaverry,cyan,new,,,,
PS-50,-8.2114573,-78.9808260,Paraderos_Salaverry,cyan,new,,,,
PS-52,-8.2041510,-78.9840734,Paraderos_Salaverry,cyan,merge,12121157807,Avenida de La Marina,8.8,
PS-53,-8.2021158,-78.9855134,Paraderos_Salaverry,cyan,new,,,,
PS-54,-8.1985046,-78.9879034,Paraderos_Salaverry,cyan,new,,,,
PS-55,-8.1964624,-78.9892893,Paraderos_Salaverry,cyan,new,,,,
PS-57,-8.1914086,-78.9926095,Paraderos_Salaverry,cyan,new,,,,
PS-70,-8.1889431,-78.9861461,Paraderos_Salaverry,cyan,new,,,,
ABR-359,-8.0996265,-79.0013809,Puntos_Paraderos,cyan,new,,,,
ABR-360,-8.1014172,-79.0020733,Puntos_Paraderos,cyan,new,,,,
ABR-368,-8.1028063,-79.0015972,Puntos_Paraderos,cyan,new,,,,
AGR-523,-8.1043057,-79.0291152,Puntos_Paraderos,cyan,new,,,,
AK-455,-8.0909589,-79.0269270,Puntos_Paraderos,cyan,new,,,,
AK-456,-8.0907936,-79.0269516,Puntos_Paraderos,cyan,new,,,,
ALM-519,-8.0895806,-78.9934506,Puntos_Paraderos,cyan,new,,,,
AMEO-68,-8.1030991,-79.0455975,Puntos_Paraderos,cyan,new,,,,
AMEO-69,-8.1047663,-79.0461052,Puntos_Paraderos,cyan,new,,,,
AMEO-70,-8.1061937,-79.0467754,Puntos_Paraderos,cyan,new,,,,
AMEO-72,-8.1072402,-79.0467982,Puntos_Paraderos,cyan,new,,,,
AMEO-77,-8.1171527,-79.0430970,Puntos_Paraderos,cyan,new,,,,
AMEO-78,-8.1188701,-79.0409936,Puntos_Paraderos,cyan,new,,,,
AMEO-79,-8.1174487,-79.0430840,Puntos_Paraderos,cyan,new,,,,
AMEO-80,-8.1190688,-79.0411585,Puntos_Paraderos,cyan,new,,,,
AMEO-83,-8.1002056,-79.0438557,Puntos_Paraderos,cyan,new,,,,
AMEO-86,-8.0998763,-79.0439761,Puntos_Paraderos,cyan,new,,,,
AMN-17,-8.0989034,-79.0149849,Puntos_Paraderos,cyan,new,,,,
AMN-19,-8.0966327,-79.0175856,Puntos_Paraderos,cyan,new,,,,
AMN-21,-8.0969484,-79.0289518,Puntos_Paraderos,cyan,new,,,,
AMN-22,-8.0961129,-79.0284252,Puntos_Paraderos,cyan,new,,,,
AMN-25,-8.1008793,-79.0320016,Puntos_Paraderos,cyan,new,,,,
AMN-26,-8.1027413,-79.0327339,Puntos_Paraderos,cyan,new,,,,
AMN-28,-8.1047949,-79.0338230,Puntos_Paraderos,cyan,new,,,,
AMN-29,-8.0956286,-79.0196720,Puntos_Paraderos,cyan,new,,,,
AMN-30,-8.0950773,-79.0204626,Puntos_Paraderos,cyan,new,,,,
AMN-31,-8.0951663,-79.0209120,Puntos_Paraderos,cyan,new,,,,
AMN-32,-8.0940458,-79.0233164,Puntos_Paraderos,cyan,new,,,,
AMN-33,-8.0939629,-79.0240527,Puntos_Paraderos,cyan,new,,,,
AMN-35,-8.0950012,-79.0269907,Puntos_Paraderos,cyan,new,,,,
AMS-36,-8.1260918,-79.0279647,Puntos_Paraderos,cyan,merge,5069523013,,27.7,
AMS-37,-8.1245070,-79.0246367,Puntos_Paraderos,cyan,new,,,,
AMS-43,-8.1209651,-79.0400719,Puntos_Paraderos,cyan,new,,,,
AMS-53,-8.1211376,-79.0207348,Puntos_Paraderos,cyan,new,,,,
AMS-54,-8.1202261,-79.0194521,Puntos_Paraderos,cyan,new,,,,
AMS-55,-8.1189281,-79.0185796,Puntos_Paraderos,cyan,new,,,,
AMS-56,-8.1178747,-79.0174040,Puntos_Paraderos,cyan,new,,,,
AMS-57,-8.1227840,-79.0224984,Puntos_Paraderos,cyan,new,,,,
AMS-58,-8.1002664,-79.0128592,Puntos_Paraderos,cyan,new,,,,
AMS-59,-8.1005000,-79.0130855,Puntos_Paraderos,cyan,new,,,,
AMS-62,-8.1139260,-79.0147460,Puntos_Paraderos,cyan,new,,,,
AMS-65,-8.1094149,-79.0123164,Puntos_Paraderos,cyan,new,,,,
AMS-66,-8.1089068,-79.0123393,Puntos_Paraderos,cyan,new,,,,
ANBE-373,-8.1141200,-79.0066531,Puntos_Paraderos,cyan,new,,,,
ANBE-374,-8.1140424,-79.0065948,Puntos_Paraderos,cyan,new,,,,
ANBE-375,-8.1109529,-79.0070866,Puntos_Paraderos,cyan,new,,,,
ANTO-347,-8.1136662,-79.0418803,Puntos_Paraderos,cyan,new,,,,
ANTO-348,-8.1133857,-79.0413050,Puntos_Paraderos,cyan,new,,,,
ANTO-350,-8.1109658,-79.0397630,Puntos_Paraderos,cyan,new,,,,
CA-490,-8.1048616,-79.0096482,Puntos_Paraderos,cyan,new,,,,
CA-491,-8.1052821,-79.0088975,Puntos_Paraderos,cyan,new,,,,
CALCUC-524,-8.1226011,-79.0208585,Puntos_Paraderos,cyan,new,,,,
CALCUC-525,-8.1237183,-79.0196757,Puntos_Paraderos,cyan,new,,,,
CARE-402,-8.0942630,-79.0002511,Puntos_Paraderos,cyan,new,,,,
CARE-403,-8.0943513,-79.0005884,Puntos_Paraderos,cyan,new,,,,
CEV-173,-8.1040441,-79.0120998,Puntos_Paraderos,cyan,new,,,,
CEV-179,-8.1104764,-79.0176395,Puntos_Paraderos,cyan,new,,,,
CEV-181,-8.0993433,-79.0080925,Puntos_Paraderos,cyan,new,,,,
CEV-185,-8.0991114,-79.0082032,Puntos_Paraderos,cyan,new,,,,
CEV-188,-8.0929774,-79.0026628,Puntos_Paraderos,cyan,new,,,,
CEV-190,-8.0908633,-79.0027888,Puntos_Paraderos,cyan,new,,,,
CEV-191,-8.0925258,-79.0038956,Puntos_Paraderos,cyan,new,,,,
CHCH-526,-8.0899209,-78.9936901,Puntos_Paraderos,cyan,new,,,,
CONT-378,-8.1185385,-79.0058896,Puntos_Paraderos,cyan,new,,,,
CONT-380,-8.1200022,-79.0069586,Puntos_Paraderos,cyan,new,,,,
CONT-383,-8.1216578,-79.0095757,Puntos_Paraderos,cyan,new,,,,
CORT-457,-8.0965993,-79.0556131,Puntos_Paraderos,cyan,new,,,,
COSR-332,-8.1221050,-79.0281444,Puntos_Paraderos,cyan,new,,,,
COVIC-428,-8.1118344,-79.0470569,Puntos_Paraderos,cyan,new,,,,
COVIC-430,-8.1107368,-79.0445829,Puntos_Paraderos,cyan,new,,,,
COVIC-433,-8.1080865,-79.0439278,Puntos_Paraderos,cyan,new,,,,
CRIS-489,-8.0920523,-79.0420037,Puntos_Paraderos,cyan,new,,,,
DQS-517,-8.1029517,-79.0038329,Puntos_Paraderos,cyan,new,,,,
EGR-248,-8.1213862,-79.0071771,Puntos_Paraderos,cyan,new,,,,
EGR-249,-8.1208532,-79.0074290,Puntos_Paraderos,cyan,new,,,,
EGR-252,-8.1189244,-79.0102078,Puntos_Paraderos,cyan,new,,,,
EGR-253,-8.1186184,-79.0102980,Puntos_Paraderos,cyan,new,,,,
EGR-256,-8.1164055,-79.0128347,Puntos_Paraderos,cyan,new,,,,
EGR-257,-8.1161904,-79.0128706,Puntos_Paraderos,cyan,new,,,,
EGR-260,-8.1146689,-79.0155223,Puntos_Paraderos,cyan,new,,,,
EGR-262,-8.1132771,-79.0171934,Puntos_Paraderos,cyan,new,,,,
EGR-263,-8.1113857,-79.0194385,Puntos_Paraderos,cyan,new,,,,
EJER-409,-8.0976239,-79.0182418,Puntos_Paraderos,cyan,new,,,,
EJER-410,-8.0998418,-79.0193297,Puntos_Paraderos,cyan,merge,12121155277,Avenida del Ejército,15.7,
EJER-411,-8.1015642,-79.0208072,Puntos_Paraderos,cyan,new,,,,
ESP-1,-8.1111575,-79.0327930,Puntos_Paraderos,cyan,new,,,,
ESP-11,-8.1070679,-79.0225362,Puntos_Paraderos,cyan,merge,11895953681,Avenida Perú,14.4,
ESP-2,-8.1129586,-79.0326995,Puntos_Paraderos,cyan,new,,,,
ESP-3,-8.1154722,-79.0313061,Puntos_Paraderos,cyan,new,,,,
ESP-9,-8.1078821,-79.0219609,Puntos_Paraderos,cyan,merge,5099494791,Jirón Unión,18.2,
EV-540,-8.1169044,-79.0026396,Puntos_Paraderos,cyan,new,,,,
EV-541,-8.1143260,-79.0007192,Puntos_Paraderos,cyan,new,,,,
EV-544,-8.1141886,-79.0007224,Puntos_Paraderos,cyan,new,,,,
EV-546,-8.1166789,-79.0026197,Puntos_Paraderos,cyan,new,,,,
FERMO-482,-8.1204642,-79.0159654,Puntos_Paraderos,cyan,new,,,,
FEVI-220,-8.0928692,-79.0177695,Puntos_Paraderos,cyan,new,,,,
FEVI-224,-8.0955967,-79.0131353,Puntos_Paraderos,cyan,new,,,,
FEVI-227,-8.1066696,-78.9994893,Puntos_Paraderos,cyan,new,,,,
FEVI-228,-8.1083620,-78.9972496,Puntos_Paraderos,cyan,new,,,,
FEVI-229,-8.1064536,-78.9994738,Puntos_Paraderos,cyan,new,,,,
FEVI-230,-8.1081747,-78.9971167,Puntos_Paraderos,cyan,new,,,,
GPRA-420,-8.1203533,-79.0192133,Puntos_Paraderos,cyan,new,,,,
GPRA-421,-8.1174099,-79.0201216,Puntos_Paraderos,cyan,new,,,,
GUZBA-459,-8.1062125,-79.0059729,Puntos_Paraderos,cyan,new,,,,
GUZBA-460,-8.1063632,-79.0063226,Puntos_Paraderos,cyan,new,,,,
HOND-315,-8.1065909,-79.0038308,Puntos_Paraderos,cyan,new,,,,
HOND-316,-8.1066619,-79.0035727,Puntos_Paraderos,cyan,new,,,,
HOND-317,-8.1089912,-79.0032359,Puntos_Paraderos,cyan,new,,,,
HOND-318,-8.1089675,-79.0034356,Puntos_Paraderos,cyan,new,,,,
HSJ-231,-8.1253041,-79.0356127,Puntos_Paraderos,cyan,new,,,,
HSJ-232,-8.1252520,-79.0353629,Puntos_Paraderos,cyan,new,,,,
HSJ-233,-8.1229207,-79.0346739,Puntos_Paraderos,cyan,new,,,,
HSJ-235,-8.1200729,-79.0334941,Puntos_Paraderos,cyan,new,,,,
HSJ-236,-8.1198823,-79.0331823,Puntos_Paraderos,cyan,new,,,,
HUALL-510,-8.1032765,-79.0214468,Puntos_Paraderos,cyan,new,,,,
HUALL-511,-8.1064512,-79.0171172,Puntos_Paraderos,cyan,new,,,,
HUAS-444,-8.0901927,-78.9953726,Puntos_Paraderos,cyan,new,,,,
HUAY-495,-8.1173316,-79.0220605,Puntos_Paraderos,cyan,new,,,,
JEN-140,-8.1129254,-79.0342059,Puntos_Paraderos,cyan,new,,,,
JEN-147,-8.1078204,-79.0435754,Puntos_Paraderos,cyan,new,,,,
JEN-150,-8.1023419,-79.0512339,Puntos_Paraderos,cyan,new,,,,
JOIN-465,-8.1251700,-79.0191382,Puntos_Paraderos,cyan,new,,,,
JOIN-466,-8.1224318,-79.0148852,Puntos_Paraderos,cyan,new,,,,
JOIN-467,-8.1236828,-79.0162783,Puntos_Paraderos,cyan,new,,,,
JPT-127,-8.1159949,-79.0375486,Puntos_Paraderos,cyan,new,,,,
JPT-128,-8.1155150,-79.0368006,Puntos_Paraderos,cyan,new,,,,
JPT-132,-8.1233173,-79.0438474,Puntos_Paraderos,cyan,new,,,,
JPT-135,-8.1234372,-79.0436346,Puntos_Paraderos,cyan,new,,,,
JPT-138,-8.1121646,-79.0342528,Puntos_Paraderos,cyan,merge,11910518831,Avenida Jesús de Nazareth,18.4,
JUL-436,-8.1175878,-79.0288676,Puntos_Paraderos,cyan,new,,,,
JUL-438,-8.1207964,-79.0250079,Puntos_Paraderos,cyan,new,,,,
JUN-284,-8.1058153,-79.0187745,Puntos_Paraderos,cyan,new,,,,
JUN-285,-8.1040335,-79.0172476,Puntos_Paraderos,cyan,new,,,,
JUN-286,-8.1021076,-79.0151810,Puntos_Paraderos,cyan,new,,,,
LAM-416,-8.1292768,-79.0213849,Puntos_Paraderos,cyan,new,,,,
LAM-417,-8.1293166,-79.0215133,Puntos_Paraderos,cyan,new,,,,
MAN-512,-8.1017959,-79.0212347,Puntos_Paraderos,cyan,new,,,,
MANT-100,-8.1039363,-79.0373475,Puntos_Paraderos,cyan,new,,,,
MANT-101,-8.1026501,-79.0398522,Puntos_Paraderos,cyan,new,,,,
MANT-103,-8.1042714,-79.0364368,Puntos_Paraderos,cyan,new,,,,
MANT-105,-8.1011972,-79.0458681,Puntos_Paraderos,cyan,new,,,,
MANT-113,-8.1009718,-79.0551083,Puntos_Paraderos,cyan,new,,,,
MARVA-518,-8.1281068,-79.0205300,Puntos_Paraderos,cyan,new,,,,
MAVE-351,-8.1013135,-79.0351947,Puntos_Paraderos,cyan,new,,,,
MAVE-353,-8.1026304,-79.0334840,Puntos_Paraderos,cyan,new,,,,"Rechazado OSM 11896286020 (lado opuesto, 29.2m). "
MAVE-354,-8.1033444,-79.0324950,Puntos_Paraderos,cyan,new,,,,
MEI-392,-8.0912168,-79.0448683,Puntos_Paraderos,cyan,new,,,,
MEI-395,-8.0910041,-79.0447532,Puntos_Paraderos,cyan,new,,,,
MEI-398,-8.0909595,-79.0519971,Puntos_Paraderos,cyan,new,,,,
MEI-399,-8.0910902,-79.0483439,Puntos_Paraderos,cyan,new,,,,
MEII-386,-8.0990339,-79.0489570,Puntos_Paraderos,cyan,new,,,,
MEII-389,-8.0964232,-79.0481369,Puntos_Paraderos,cyan,new,,,,
MEII-390,-8.0930797,-79.0480310,Puntos_Paraderos,cyan,new,,,,
MEII-391,-8.0933661,-79.0478503,Puntos_Paraderos,cyan,new,,,,
MI-504,-8.1297567,-79.0210365,Puntos_Paraderos,cyan,new,,,,
MM-516,-8.1081327,-79.0140259,Puntos_Paraderos,cyan,new,,,,
MRFT-153,-8.0879777,-79.0158277,Puntos_Paraderos,cyan,new,,,,
MRFT-154,-8.0902940,-79.0167158,Puntos_Paraderos,cyan,new,,,,
MRFT-155,-8.0909035,-79.0173183,Puntos_Paraderos,cyan,new,,,,
MRFT-157,-8.0931474,-79.0184435,Puntos_Paraderos,cyan,new,,,,
MRFT-159,-8.0958311,-79.0195201,Puntos_Paraderos,cyan,new,,,,
MRFT-160,-8.0979726,-79.0202265,Puntos_Paraderos,cyan,new,,,,
MRFT-161,-8.0982254,-79.0205478,Puntos_Paraderos,cyan,new,,,,
MRFT-162,-8.1004330,-79.0215513,Puntos_Paraderos,cyan,new,,,,
MRFT-163,-8.1008373,-79.0220679,Puntos_Paraderos,cyan,new,,,,
MRFT-166,-8.1046834,-79.0250005,Puntos_Paraderos,cyan,new,,,,
NA-527,-8.1069554,-79.0348635,Puntos_Paraderos,cyan,new,,,,
NPT-198,-8.1017164,-79.0358546,Puntos_Paraderos,cyan,merge,11896286019,Avenida Teodoro Valcárcel,23.4,
NPT-199,-8.1010808,-79.0364397,Puntos_Paraderos,cyan,new,,,,
NPT-200,-8.0968149,-79.0383633,Puntos_Paraderos,cyan,new,,,,"Rechazado OSM 11910518838 (lado opuesto, 28.8m). "
NPT-201,-8.0920105,-79.0405114,Puntos_Paraderos,cyan,new,,,,
NPT-202,-8.0941299,-79.0395750,Puntos_Paraderos,cyan,new,,,,
NPT-203,-8.0937486,-79.0395386,Puntos_Paraderos,cyan,new,,,,
NPT-204,-8.0994436,-79.0371447,Puntos_Paraderos,cyan,new,,,,
NPT-206,-8.0959838,-79.0385055,Puntos_Paraderos,cyan,new,,,,
NPT-207,-8.0984838,-79.0374159,Puntos_Paraderos,cyan,new,,,,"Rechazado OSM 4649094889 (lado opuesto, 21.8m). "
NPT-208,-8.0868615,-79.0426916,Puntos_Paraderos,cyan,new,,,,
NPT-209,-8.0893164,-79.0415494,Puntos_Paraderos,cyan,new,,,,
NPT-210,-8.0881646,-79.0422169,Puntos_Paraderos,cyan,new,,,,
PE-240,-8.1042749,-79.0193401,Puntos_Paraderos,cyan,new,,,,
PE-244,-8.1005072,-79.0153155,Puntos_Paraderos,cyan,new,,,,
PE-246,-8.0977090,-79.0123873,Puntos_Paraderos,cyan,new,,,,
PEMU-341,-8.1087252,-79.0354155,Puntos_Paraderos,cyan,new,,,,
PESQT-404,-8.0925014,-79.0005089,Puntos_Paraderos,cyan,new,,,,
PESQT-405,-8.0931011,-78.9998172,Puntos_Paraderos,cyan,new,,,,
PFRAZ-423,-8.1176022,-79.0150699,Puntos_Paraderos,cyan,new,,,,
PFRAZ-424,-8.1213726,-79.0103262,Puntos_Paraderos,cyan,new,,,,
PFRAZ-425,-8.1211779,-79.0109713,Puntos_Paraderos,cyan,new,,,,
PFRAZ-426,-8.1201758,-79.0116529,Puntos_Paraderos,cyan,new,,,,
PFRAZ-427,-8.1188209,-79.0131009,Puntos_Paraderos,cyan,new,,,,
PLAT-513,-8.1046472,-79.0072678,Puntos_Paraderos,cyan,new,,,,
PLUN-287,-8.1000516,-79.0128853,Puntos_Paraderos,cyan,new,,,,
PLUN-292,-8.0912889,-79.0071829,Puntos_Paraderos,cyan,new,,,,
PLUN-293,-8.0912816,-79.0073701,Puntos_Paraderos,cyan,new,,,,
PLUN-295,-8.0880252,-79.0050238,Puntos_Paraderos,cyan,new,,,,
PRO-445,-8.0910758,-79.0263178,Puntos_Paraderos,cyan,new,,,,
PRO-446,-8.0912600,-79.0262441,Puntos_Paraderos,cyan,new,,,,
PSAN-273,-8.0868279,-79.0113096,Puntos_Paraderos,cyan,new,,,,
PSAN-274,-8.0895518,-79.0125645,Puntos_Paraderos,cyan,new,,,,
PSAN-276,-8.0896911,-79.0128603,Puntos_Paraderos,cyan,new,,,,
PSAN-281,-8.0971487,-79.0162482,Puntos_Paraderos,cyan,new,,,,
PUN-521,-8.1049147,-79.0176218,Puntos_Paraderos,cyan,new,,,,
PUN-522,-8.1069779,-79.0152031,Puntos_Paraderos,cyan,new,,,,
RASAN-472,-8.1061800,-79.0068118,Puntos_Paraderos,cyan,new,,,,
RASAN-473,-8.1034250,-79.0055867,Puntos_Paraderos,cyan,new,,,,
RASAN-474,-8.1034844,-79.0057225,Puntos_Paraderos,cyan,new,,,,
REP-469,-8.0989167,-79.0498468,Puntos_Paraderos,cyan,new,,,,
REP-470,-8.0962699,-79.0488715,Puntos_Paraderos,cyan,new,,,,
RIP-322,-8.1123406,-79.0055578,Puntos_Paraderos,cyan,new,,,,
RIP-325,-8.1131813,-79.0107178,Puntos_Paraderos,cyan,new,,,,
RIP-327,-8.1131272,-79.0131415,Puntos_Paraderos,cyan,new,,,,
RIP-329,-8.1123146,-79.0149878,Puntos_Paraderos,cyan,new,,,,
RIP-330,-8.1113391,-79.0161184,Puntos_Paraderos,cyan,new,,,,
RJ-515,-8.1048656,-79.0372314,Puntos_Paraderos,cyan,new,,,,
ROME-534,-8.1055513,-79.0071712,Puntos_Paraderos,cyan,new,,,,
SALVLA-296,-8.1049117,-79.0298805,Puntos_Paraderos,cyan,new,,,,
SALVLA-299,-8.1013836,-79.0268945,Puntos_Paraderos,cyan,new,,,,
SALVLA-300,-8.1011135,-79.0269347,Puntos_Paraderos,cyan,new,,,,
SALVLA-304,-8.0964750,-79.0224672,Puntos_Paraderos,cyan,new,,,,
SAN-268,-8.0999260,-79.0170930,Puntos_Paraderos,cyan,new,,,,
SANTR-384,-8.1171619,-79.0065884,Puntos_Paraderos,cyan,new,,,,
SANTR-385,-8.1170584,-79.0064732,Puntos_Paraderos,cyan,new,,,,
SB-530,-8.1077729,-79.0017552,Puntos_Paraderos,cyan,new,,,,
SB-531,-8.1078838,-79.0017927,Puntos_Paraderos,cyan,new,,,,
SOCR-499,-8.1031010,-79.0072731,Puntos_Paraderos,cyan,new,,,,
SS-507,-8.0912862,-78.9949152,Puntos_Paraderos,cyan,new,,,,
TEVA-338,-8.0954540,-79.0285712,Puntos_Paraderos,cyan,new,,,,
TEVA-339,-8.0951950,-79.0286240,Puntos_Paraderos,cyan,new,,,,
TUPAT-116,-8.1017587,-79.0255256,Puntos_Paraderos,cyan,new,,,,
TUPAT-117,-8.0994353,-79.0279424,Puntos_Paraderos,cyan,new,,,,
TUPAT-119,-8.0969634,-79.0301206,Puntos_Paraderos,cyan,new,,,,
TUPAT-121,-8.0939150,-79.0336175,Puntos_Paraderos,cyan,new,,,,
TUPAT-122,-8.0942732,-79.0328992,Puntos_Paraderos,cyan,new,,,,
TUPAT-125,-8.0891591,-79.0381247,Puntos_Paraderos,cyan,new,,,,
TUPAT-126,-8.0875554,-79.0402613,Puntos_Paraderos,cyan,new,,,,
TUYU-492,-8.1216266,-79.0229268,Puntos_Paraderos,cyan,new,,,,
TUYU-493,-8.1193689,-79.0235716,Puntos_Paraderos,cyan,new,,,,
VF-478,-8.1278301,-79.0210377,Puntos_Paraderos,cyan,new,,,,
VLHT-92,-8.1168802,-79.0323048,Puntos_Paraderos,cyan,new,,,,
VLHT-93,-8.1191349,-79.0342216,Puntos_Paraderos,cyan,new,,,,
VLHT-94,-8.1199451,-79.0346467,Puntos_Paraderos,cyan,new,,,,
VLHT-95,-8.1223763,-79.0370457,Puntos_Paraderos,cyan,new,,,,
VLHT-98,-8.1259368,-79.0398068,Puntos_Paraderos,cyan,merge,11910359970,Avenida los Colibries,11.2,
YP-506,-8.0910439,-78.9945504,Puntos_Paraderos,cyan,new,,,,
