relation_id,ref,length_m,gap_start_m,gap_end_m,from,to,start_lat,start_lon,end_lat,end_lon,severity
19972496,C-32 S,62124,32198,32,Mucha,Palermo,-7.8540300,-78.7546774,-8.0976544,-79.0162881,critical
19972461,C-30 C,52810,30334,132,Sector Cushmun,Avenida Los Laureles,-7.9962703,-78.6849886,-8.0889143,-79.0227511,critical
19972470,C-30 C,50895,132,29865,Avenida Los Laureles,Sector Cushmun,-8.0889143,-79.0227511,-7.9959422,-78.6895343,critical
19972502,C-32 S,52314,33,29736,Palermo,Mucha,-8.1011206,-79.0181548,-7.8727556,-78.7672091,critical
19972515,C-33 P2,53609,29385,103,Sector Platanar,Avenida America del Sur,-8.0040358,-78.6916727,-8.1027749,-79.0110643,critical
19972516,C-33 P2,54688,103,29385,Avenida América Sur,Sector Platanar,-8.1027749,-79.0110643,-8.0040358,-78.6916727,critical
19988714,C-33 P2,53609,29385,103,Sector Platanar,Avenida America del Sur,-8.0040358,-78.6916727,-8.1027749,-79.0110643,critical
19988728,C-33 P2,54688,103,29385,Avenida America del Sur,Sector Platanar,-8.1027749,-79.0110643,-8.0040358,-78.6916727,critical
19972479,C-31 P,47365,33,29161,Avenida Prolongación Santa,Sector Huangabal,-8.1011206,-79.0181548,-7.9288546,-78.7270334,critical
19990939,C-32 S,52885,33,28612,Palermo,Sector Collambay,-8.1011206,-79.0181548,-7.8555993,-78.8052713,critical
19991778,C-32 S,59319,23623,32,Sector Collambay,Palermo,-7.8945468,-78.8282720,-8.0976544,-79.0162881,critical
19973949,C-15 P1,51033,23204,103,Sector Huayabito,Avenida America del Sur,-8.0613039,-78.7382798,-8.1027749,-79.0110643,critical
19973958,C-15 P1,51912,103,23204,Avenida America del Sur,Sector Huayabito,-8.1027749,-79.0110643,-8.0613039,-78.7382798,critical
19988678,C-15 P1,51033,23204,103,Sector Huayabito,Avenida America del Sur,-8.0613039,-78.7382798,-8.1027749,-79.0110643,critical
19988688,C-15 P1,51912,103,23204,Avenida America del Sur,Sector Huayabito,-8.1027749,-79.0110643,-8.0613039,-78.7382798,critical
19972473,C-31 P,59342,18472,21,Sector Huangabal,Avenida Prolongación Santa,-7.9772212,-78.8110788,-8.1013517,-79.0182168,critical
19972508,C-15 P1,47554,17845,103,Sector Tres Cruces,Avenida America del Sur,-8.0210333,-78.7960294,-8.1027749,-79.0110643,critical
19973946,C-15 P1,48433,103,17845,Avenida America del Sur,Sector Tres Cruces,-8.1027749,-79.0110643,-8.0210333,-78.7960294,critical
19988601,C-15 P1,47554,17845,103,Sector Tres Cruces,Avenida América Sur,-8.0210333,-78.7960294,-8.1027749,-79.0110643,critical
19988606,C-15 P1,48433,103,17845,Avenida America del Sur,Sector Tres Cruces,-8.1027749,-79.0110643,-8.0210333,-78.7960294,critical
19968352,C-18 P,12599,720,34,Cruce Vial S/N,Avenida Cesar Vallejo,-8.0516440,-78.9947621,-8.1264164,-79.0302077,warning
19988569,C-18 P,14354,34,616,Avenida Cesar Vallejo,Cruce Vial S/N,-8.1264164,-79.0302077,-8.0493449,-78.9947107,warning
19968101,C-12 B,21642,538,8,Sector Taquila,Carlos García Ronceros,-8.1937990,-79.0012087,-8.0547972,-79.0233251,warning
19968109,C-12 B,21781,8,538,Carlos García Ronceros,Sector Taquila,-8.0547972,-79.0233251,-8.1937990,-79.0012087,warning
19965775,M-35 D,19013,518,43,Vía Panamericana,Avenida Del Contador,-8.0467316,-79.0857735,-8.1178827,-79.0053727,warning
19965801,M-35 D,21116,518,24,Vía Panamericana,Jirón Francisco de Zela,-8.0467316,-79.0857735,-8.1164975,-79.0166411,warning
19965802,M-35 D,18491,518,43,Vía Panamericana,Avenida Del Contador,-8.0467316,-79.0857735,-8.1178827,-79.0053727,warning
19965840,M-35 D,18548,518,43,Vía Panamericana,Avenida Del Contador,-8.0467316,-79.0857735,-8.1178827,-79.0053727,warning
19965847,M-35 D,18446,518,43,Vía Panamericana,Avenida Del Contador,-8.0467316,-79.0857735,-8.1178827,-79.0053727,warning
19965776,M-35 D,19281,43,512,Avenida Del Contador,Vía Panamericana,-8.1178827,-79.0053727,-8.0467635,-79.0856919,warning
19965837,M-35 D,18763,43,512,Avenida Del Contador,Vía Panamericana,-8.1178827,-79.0053727,-8.0467635,-79.0856919,warning
19968210,C-17 F,15480,117,391,Ciudad de Dios,Avenida Juan Pablo II,-8.0648973,-78.9940414,-8.1343542,-79.0530435,warning
19968338,C-17 F,16176,391,133,Avenida Juan Pablo II,Ciudad de Dios,-8.1343542,-79.0530435,-8.0646087,-78.9939348,warning
19972504,C-36 Y,19208,391,111,San Andrés 5ta Etapa,Víctor Raúl Haya de La Torre,-8.1343542,-79.0530435,-8.0874654,-78.9625956,warning
19972505,C-36 Y,18914,57,390,Víctor Raúl Haya de La Torre,San Andrés 5ta Etapa,-8.0871706,-78.9622093,-8.1342863,-79.0531214,warning
19959207,M-07 V,17062,127,357,Avenida San Pedro,Avenida Libertad,-8.0677207,-79.0705326,-8.1385973,-79.0572438,warning
19959217,M-08 A,22994,72,357,Via Panamericana Norte,Avenida Libertad,-7.9982972,-79.0730870,-8.1385973,-79.0572438,warning
19961769,M-09 BC,20186,127,357,Avenida San Pedro,Avenida Libertad,-8.0677207,-79.0705326,-8.1385973,-79.0572438,warning
19961795,M-10 B1,19609,51,357,Avenida Los Tulipanes,Avenida Libertad,-8.0598135,-79.0830453,-8.1385973,-79.0572438,warning
19961936,M-12 C,19444,72,357,Via Panamericana Norte,Avenida Libertad,-7.9982972,-79.0730870,-8.1385973,-79.0572438,warning
19961948,M-36 LV,24078,112,357,Calle Virgen de la Puerta,Avenida Libertad,-8.0761775,-78.9472492,-8.1385973,-79.0572438,warning
19966196,M-10 B1,19863,68,357,Avenida Los Tulipanes,Avenida Libertad,-8.0591097,-79.0822281,-8.1385973,-79.0572438,warning
19972163,C-28 C,26678,352,79,Sector Cerrito La Virgen,Óvalo Los Sauces,-8.0653288,-79.1092759,-8.1069780,-78.9861296,warning
19972190,C-28 C,25811,352,79,Sector Cerrito La Virgen,Óvalo Los Sauces,-8.0653288,-79.1092759,-8.1069780,-78.9861296,warning
19988797,C-28 C,26312,352,79,Sector Cerrito La Virgen,Óvalo Los Sauces,-8.0653288,-79.1092759,-8.1069780,-78.9861296,warning
19959202,M-07 V,14977,351,127,Avenida Libertad,Avenida San Pedro,-8.1385614,-79.0572990,-8.0677207,-79.0705326,warning
19959214,M-08 A,22947,351,23,Avenida Libertad,Via Panamericana Norte,-8.1385614,-79.0572990,-7.9974556,-79.0731686,warning
19959224,M-09 BC,18295,351,127,Avenida Libertad,Avenida San Pedro,-8.1385614,-79.0572990,-8.0677207,-79.0705326,warning
19961792,M-10 B1,19597,351,51,Avenida Libertad,Avenida Los Tulipanes,-8.1385614,-79.0572990,-8.0598135,-79.0830453,warning
19961919,M-12 C,19551,351,23,Avenida Libertad,Via Panamericana Norte,-8.1385614,-79.0572990,-7.9974556,-79.0731686,warning
19961958,M-36 LV,24973,351,150,Avenida Libertad,Calle Virgen de la Puerta,-8.1385614,-79.0572990,-8.0753594,-78.9469774,warning
19966193,M-10 B1,19692,351,51,Avenida Libertad,Avenida Los Tulipanes,-8.1385614,-79.0572990,-8.0598135,-79.0830453,warning
19972938,M-13 C1,22394,326,326,Ciudad de Dios,Ciudad de Dios,-8.0611630,-78.9898539,-8.0611630,-78.9898539,warning
19972176,C-28 C,25173,79,250,Óvalo Los Sauces,Sector Cerrito La Virgen,-8.1069780,-78.9861296,-8.0660298,-79.1099423,warning
19972196,C-28 C,24032,79,250,Óvalo Los Sauces,Sector Cerrito La Virgen,-8.1069780,-78.9861296,-8.0660298,-79.1099423,warning
19976312,M-04 A,19700,58,250,Cerro La Virgen,Cerro La Virgen,-8.1302637,-79.0209164,-8.0660298,-79.1099423,warning
19988815,C-28 C,24607,79,250,Óvalo Los Sauces,Sector Cerrito La Virgen,-8.1069780,-78.9861296,-8.0660298,-79.1099423,warning
19950214,M-02 A,21546,235,164,Avenida Manuel Seoane,Calle Turquesas,-8.1478411,-79.0526706,-8.0492091,-79.0533913,warning
19950139,M-02 A,22372,164,230,Calle Turquesas,Avenida Manuel Seoane,-8.0492091,-79.0533913,-8.1503953,-79.0489582,warning
19971417,M-28 A,18245,115,229,Avenida los Pajuiles,Primavera III,-8.1279873,-79.0431418,-8.0571270,-79.0467557,warning
19966264,C-06 K,24190,105,228,El Reposo,Calle Señor de Los Milagros,-7.9920742,-79.0750650,-8.0865680,-78.9939938,warning
19965057,M-31 A,20715,95,219,Avenida América Sur,Calle Nuevo Indoamérica,-8.1470976,-79.0451310,-8.0601626,-79.0442231,warning
19972027,M-31 A,20777,219,157,Calle Nuevo Indoamérica,Avenida América Sur,-8.0601626,-79.0442231,-8.1464025,-79.0459471,warning
19972041,M-32 A1-B1,37527,219,157,Sector Nuevo Indoamérica,Buenos Aires Sur,-8.0601626,-79.0442231,-8.1464025,-79.0459471,warning
19972045,M-32 A1-B1,37573,95,219,Buenos Aires Sur,Sector Nuevo Indoamérica,-8.1470976,-79.0451310,-8.0601626,-79.0442231,warning
19962362,M-25 A,15663,219,69,Calle Liverpool,Calle F,-8.1037586,-79.0427697,-8.0710228,-79.0163343,warning
19962502,M-29 B,18916,29,219,Primavera,Calle Liverpool,-8.0557496,-79.0483268,-8.1037586,-79.0427697,warning
19972495,C-37 R,17929,215,111,Rosas del Valle 1ra Etapa,Avenida Julian Arce,-8.0932644,-79.0499709,-8.0874654,-78.9625956,warning
19966215,C-03 JJ,22844,205,169,Calle Santa Rosa,Calle de los Jasmines,-8.1855395,-78.9863105,-8.0638379,-79.0798396,warning
19962272,M-19 A,12975,33,204,Calle 8,Manzana Ñ,-8.1140509,-79.0467557,-8.0482441,-79.0081578,warning
19962323,M-24 A,9109,38,198,Avenida América Sur,Avenida Libertad,-8.1000777,-79.0132303,-8.1441673,-79.0558299,ok
19962318,M-24 A,7745,197,38,Avenida Libertad,Avenida América Sur,-8.1442832,-79.0556964,-8.1000777,-79.0132303,ok
19965743,M-34 A,20312,125,197,Calle Santa Ana,Calle Los Pensamientos,-8.0131013,-79.0663081,-8.1442832,-79.0556964,ok
19965745,M-34 A,20373,197,196,Calle Los Pensamientos,Calle Santa Ana,-8.1442832,-79.0556964,-8.0124709,-79.0665501,ok
19965750,M-34 A,22951,125,197,Calle Santa Ana,Calle Los Pensamientos,-8.0131013,-79.0663081,-8.1442832,-79.0556964,ok
19965773,M-34 A,23008,197,196,Calle Los Pensamientos,Calle Santa Ana,-8.1442832,-79.0556964,-8.0124709,-79.0665501,ok
19972046,M-33 B,35676,125,196,Calle Santa Ana,Avenida América Sur,-8.0131013,-79.0663081,-8.0124709,-79.0665501,ok
19972051,M-33 B,36016,125,196,Avenida América Sur,Calle Santa Ana,-8.0131013,-79.0663081,-8.0124709,-79.0665501,ok
19966201,C-03 JJ,22254,169,196,Calle de los Jasmines,Calle Santa Rosa,-8.0638379,-79.0798396,-8.1874621,-78.9837518,ok
19966163,C-02 H,17188,187,48,Avenida Alan García,Avenida Federico Villarreal,-8.0634372,-79.0805240,-8.1032458,-79.0021649,ok
19966270,C-06 K,22554,186,12,Calle Señor de Los Milagros,El Reposo,-8.0850007,-78.9946886,-7.9930206,-79.0745743,ok
19953601,M-04 A,21665,184,58,Cerro La Virgen,Cerro La Virgen,-8.0657873,-79.1108742,-8.1302637,-79.0209164,ok
19962280,M-28 A,18000,183,117,Primavera III,Avenida los Pajuiles,-8.0567572,-79.0469554,-8.1280675,-79.0431823,ok
19962320,M-28 A,18198,115,183,Avenida los Pajuiles,Primavera III,-8.1279873,-79.0431418,-8.0567572,-79.0469554,ok
19971413,M-28 A,18010,183,115,Primavera III,Avenida los Pajuiles,-8.0567572,-79.0469554,-8.1279873,-79.0431418,ok
19967551,C-10 M,9753,181,26,Campiña de Moche,Avenida Los Incas,-8.1366916,-78.9922200,-8.1128508,-79.0198924,ok
19967562,C-10 M,9493,26,181,Avenida Los Incas,Campiña de Moche,-8.1128508,-79.0198924,-8.1366916,-78.9922200,ok
19968169,C-14 S,9872,103,181,Calle José Galvez,Campiña de Moche,-8.1133760,-79.0189392,-8.1366916,-78.9922200,ok
19972103,C-14 S,9499,181,22,Campiña de Moche,Calle José Galvez,-8.1366916,-78.9922200,-8.1128836,-79.0198386,ok
19970967,"C-24 H1, H2",32774,152,179,Calle 01,Avenida Larco,-8.0713647,-78.9499629,-8.0716110,-78.9499260,ok
19972158,"C-24 H1, H2",32815,152,179,Avenida Larco,Calle 01,-8.0713647,-78.9499629,-8.0716110,-78.9499260,ok
19966210,C-02 H,14437,48,169,Avenida Federico Villarreal,Avenida Alan García,-8.1032458,-79.0021649,-8.0638379,-79.0798396,ok
19966218,C-04 XS,18446,169,48,Calle de los Jasmines,Avenida Federico Villarreal,-8.0638379,-79.0798396,-8.1032458,-79.0021649,ok
19966224,C-04 XS,14953,48,169,Avenida Federico Villarreal,Calle de los Jasmines,-8.1032458,-79.0021649,-8.0638379,-79.0798396,ok
19946662,M-01 C,25536,105,165,Via Panamericana Norte,Avenida Manuel Seoane,-7.9920742,-79.0750650,-8.1468076,-79.0518622,ok
19946938,M-01 C,23546,165,107,Avenida Manuel Seoane,Via Panamericana Norte,-8.1468076,-79.0518622,-7.9919999,-79.0749009,ok
19972512,C-34 G,26268,165,42,Virgen del Socorro,Virgen del Socorro,-8.0855477,-79.0433957,-8.0843346,-79.0439431,ok
19968127,C-13 D,23570,75,160,Calle Miguiel Graú,Avenida 12 de Noviembre,-8.1882198,-79.0066016,-8.0633489,-79.0226286,ok
19968140,C-45 C,27434,75,160,Calle Miguiel Graú,Avenida 12 de Noviembre,-8.1882198,-79.0066016,-8.0633489,-79.0226286,ok
19972191,C-13 D,22432,74,160,Sector Taquila,Alto Trujillo,-8.1882523,-79.0066337,-8.0633489,-79.0226286,ok
19990165,C-45 C,26297,74,160,Calle Miguiel Graú,Avenida 12 de Noviembre,-8.1882523,-79.0066337,-8.0633489,-79.0226286,ok
19965855,C-01 B,19094,51,158,Calle Diego Quispe Tito,Calle José la Rivera,-8.1030470,-79.0022986,-8.0131333,-79.0682182,ok
19959151,M-05 H,43895,155,155,Avenida la Paz,Avenida la Paz,-8.0902207,-79.1155744,-8.0902207,-79.1155744,ok
19959184,M-06 B,32315,155,10,Avenida la Paz,Avenida Victor Raul Haya de la Torre,-8.0902207,-79.1155744,-8.1311220,-79.0444349,ok
19959196,M-06 B,32367,10,155,Avenida Victor Larco Herrera,Avenida la Paz,-8.1311220,-79.0444349,-8.0902207,-79.1155744,ok
19975974,M-05 H,43798,155,155,Avenida la Paz,Avenida la Paz,-8.0902207,-79.1155744,-8.0902207,-79.1155744,ok
19962183,M-16 C,23937,150,53,Calle 8,Avenida Vallejo,-8.1093908,-79.0443126,-8.0477020,-79.0705632,ok
19971427,C-20 UI,27086,8,148,Valle Sol,Alto Trujillo,-8.0676541,-78.9802670,-8.0463677,-78.9996319,ok
19972121,C-21 R,29047,8,148,Valle Sol,Alto Trujillo,-8.0676541,-78.9802670,-8.0463677,-78.9996319,ok
19972155,C-22 M,27713,8,148,Valle So,Alto Trujillo,-8.0676541,-78.9802670,-8.0463677,-78.9996319,ok
19972157,C-22 M,27710,148,8,Alto Trujillo,Valle So,-8.0492675,-79.0006939,-8.0676541,-78.9802670,ok
19970891,C-23 S1,20688,39,148,Calle José Joaquín Inclán,Calle Venezuela,-8.1216315,-79.0143501,-8.0799767,-78.9529819,ok
19972187,C-29 A,21549,79,147,Los Sauces de Barraza,Sector Las Lomas,-8.1069780,-78.9861296,-8.0868005,-79.1156834,ok
19972433,C-29 A,21944,79,147,Los Sauces de Barraza,Sector Las Lomas,-8.1069780,-78.9861296,-8.0868005,-79.1156834,ok
19967536,C-09 E,16529,32,147,Calle San Gabriel,Distrito Huanchaco,-8.1369998,-79.0375487,-8.0143077,-79.0678331,ok
19972060,C-01 B,20036,147,39,Calle José la Rivera,Calle Diego Quispe Tito,-8.0143077,-79.0678331,-8.1031136,-79.0023925,ok
19972072,C-41 Z2,21843,80,147,Avenida Dinamarca,Distrito Huanchaco,-8.0640975,-79.0265250,-8.0143077,-79.0678331,ok
19967351,C-08 O,19464,142,33,Calle Jirón los Algarobos,Calle San Martín,-8.0600742,-79.0749936,-8.0682863,-78.9936701,ok
19972065,C-08 O,18784,103,142,Calle San Martín,Calle Jirón los Algarobos,-8.0706958,-78.9908022,-8.0600742,-79.0749936,ok
19962222,M-20 C,30782,140,120,Avenida 12 de Noviembre,Sector Nuevo Horizonte,-8.0637159,-79.0225872,-8.2191170,-78.9703683,ok
19962257,M-21 A,27687,34,140,Sector Nuevo Horizonte,Avenida 12 de Noviembre,-8.2191561,-78.9717644,-8.0637159,-79.0225872,ok
19962271,M-22 F,18619,121,140,Avenida Juan Pablo II,Prolongación Avenida 12 de Noviembre,-8.1822532,-78.9896182,-8.0637159,-79.0225872,ok
19962218,M-20 C,30090,34,134,Sector Nuevo Horizonte,Avenida 12 de Noviembre,-8.2191561,-78.9717644,-8.0637021,-79.0225101,ok
19962228,M-20 C,28763,134,120,Avenida 12 de Noviembre,Sector Nuevo Horizonte,-8.0637021,-79.0225101,-8.2191170,-78.9703683,ok
19962230,M-21 A,27639,134,120,Avenida 12 de Noviembre,Sector Nuevo Horizonte,-8.0637021,-79.0225101,-8.2191170,-78.9703683,ok
19962263,M-22 F,18185,134,121,Avenida 12 de Noviembre,Avenida Juan Pablo II,-8.0637021,-79.0225101,-8.1822532,-78.9896182,ok
19976195,M-21 A,27600,134,120,Avenida 12 de Noviembre,Sector Nuevo Horizonte,-8.0637021,-79.0225101,-8.2191170,-78.9703683,ok
19972008,M-29 B,19109,133,48,Calle Liverpool,Primavera,-8.1051573,-79.0432160,-8.0553398,-79.0476903,ok
19968195,C-16 I,11673,62,133,Avenida Antenor Orrego,Ciudad de Dios,-8.1165216,-79.0441158,-8.0646087,-78.9939348,ok
19966226,C-05 B1,17956,130,48,Calle Jirón Cuba,Avenida Federico Villarreal,-8.0526132,-79.0699335,-8.1032458,-79.0021649,ok
19961898,M-11 D,28180,101,127,Via Panamericana Norte,Avenida San Pedro,-7.9985623,-79.0730029,-8.0677207,-79.0705326,ok
19973224,C-42 B2,18591,125,83,Jirón Venezuela,Avenida Libertad,-8.0540582,-79.0779822,-8.0895175,-78.9950362,ok
19973251,C-42 B2,19101,125,83,Avenida Cesar Vallejo,Avenida Libertad,-8.0540582,-79.0779822,-8.0895175,-78.9950362,ok
19973922,C-42 B2,19189,82,125,Avenida Libertad,Avenida Cesar Vallejo,-8.0894982,-78.9951110,-8.0540582,-79.0779822,ok
19973932,C-42 B2,18613,82,125,Avenida Libertad,Jirón Venezuela,-8.0894982,-78.9951110,-8.0540582,-79.0779822,ok
19973941,C-34 G,26868,125,125,Virgen del Socorro,Virgen del Socorro,-8.0540582,-79.0779822,-8.0540582,-79.0779822,ok
19972509,C-35 S3,20546,125,111,Buganvillas del Golf,Víctor Raúl Haya de La Torre,-8.1317665,-79.0336459,-8.0874654,-78.9625956,ok
19972175,C-29 A,24257,123,83,Sector Las Lomas,Los Sauces de Barraza,-8.0876192,-79.1158696,-8.1069992,-78.9860196,ok
19972422,C-29 A,24530,123,83,Sector Las Lomas,Los Sauces de Barraza,-8.0876192,-79.1158696,-8.1069992,-78.9860196,ok
19961869,M-11 D,28733,123,23,Avenida San Pedro,Via Panamericana Norte,-8.0675812,-79.0706575,-7.9974556,-79.0731686,ok
19972478,C-38 S4,16873,121,31,Avenida Luis Condemarín,Avenida Luis Condemarín,-8.0852976,-78.9606319,-8.1295393,-79.0206266,ok
19988589,C-38 S4,17084,71,121,Avenida Luis Condemarín,Avenida Luis Condemarín,-8.1276414,-79.0200906,-8.0852976,-78.9606319,ok
19967429,C-41 Z2,22396,120,80,Distrito Huanchaco,Avenida Dinamarca,-8.0145374,-79.0677509,-8.0640975,-79.0265250,ok
19967529,C-09 E,16850,120,32,Distrito Huanchaco,Calle San Gabriel,-8.0145374,-79.0677509,-8.1369998,-79.0375487,ok
19968183,C-16 I,10752,117,62,Ciudad de Dios,Avenida Antenor Orrego,-8.0648973,-78.9940414,-8.1165216,-79.0441158,ok
19971967,M-14 C3,14035,113,51,Óvalo Larco,Ciudad de Dios,-8.1243765,-79.0384371,-8.0638086,-78.9911182,ok
19972510,C-35 S3,20945,57,113,Víctor Raúl Haya de La Torre,Buganvillas del Golf,-8.0871706,-78.9622093,-8.1316825,-79.0335786,ok
19990157,C-45 C,26828,80,112,Calle Miguiel Graú,Avenida 12 de Noviembre,-8.0640975,-79.0265250,-8.1903890,-79.0046158,ok
19972081,C-25 S2,16822,111,66,Avenida Julian Arce,Calle Manuel Romero,-8.0874654,-78.9625956,-8.1285379,-79.0209381,ok
19972095,C-26 U,16960,111,62,Avenida Julian Arce,Óvalo Grau,-8.0874654,-78.9625956,-8.1230626,-79.0229815,ok
19972130,C-27 B,23226,108,15,Avenida Circunvalación,Avenida José María Eguren,-8.0733842,-79.1193472,-8.1199714,-79.0087154,ok
19972154,C-27 B,23286,24,108,Avenida José María Eguren,Avenida Circunvalación,-8.1200654,-79.0087860,-8.0733842,-79.1193472,ok
19968383,C-19 NN,14751,105,104,Avenida Victor Raul Haya de la Torre,Barrio 5C,-8.1304479,-79.0452320,-8.0485034,-79.0072871,ok
19968388,C-19 NN,15828,83,105,Barrio 5C,Avenida Victor Raul Haya de la Torre,-8.0499007,-79.0077350,-8.1304479,-79.0452320,ok
19966288,C-07 Z1,21677,105,36,El Reposo,Calle 9 de Octubre,-7.9920742,-79.0750650,-8.0800403,-79.0246021,ok
19962194,M-19 A,13495,104,50,Manzana Ñ,Calle 8,-8.0485034,-79.0072871,-8.1141713,-79.0468541,ok
19967583,C-11 T1,25255,72,103,Calle Jirón Santa Isabel,Alto Porvenir,-8.1790864,-78.9916117,-8.0620097,-79.0338966,ok
19967604,C-11 T1,25692,103,72,Alto Porvenir,Calle Jirón Santa Isabel,-8.0620097,-79.0338966,-8.1790864,-78.9916117,ok
19967639,C-11 T1,24858,72,103,Calle Jirón Santa Isabel,Alto Porvenir,-8.1790864,-78.9916117,-8.0620097,-79.0338966,ok
19967670,C-11 T1,25295,103,72,Alto Porvenir,Calle Jirón Santa Isabel,-8.0620097,-79.0338966,-8.1790864,-78.9916117,ok
19967674,C-11 T1,25570,72,103,Panamericana Norte,Alto Porvenir,-8.1790864,-78.9916117,-8.0620097,-79.0338966,ok
19967678,C-11 T1,26009,103,72,Alto Porvenir,Panamericana Norte,-8.0620097,-79.0338966,-8.1790864,-78.9916117,ok
19967679,C-11 T1,25652,103,72,Alto Porvenir,Panamericana Norte,-8.0620097,-79.0338966,-8.1790864,-78.9916117,ok
19962432,M-26 B,32118,77,100,Futuro Barrio 5C,Calle Alfonso Ugarte,-8.0522305,-79.0066985,-8.0495085,-79.0059075,ok
19971395,M-26 B,27738,77,100,Calle Alfonso Ugarte,Futuro Barrio 5C,-8.0522305,-79.0066985,-8.0495085,-79.0059075,ok
19962394,M-25 A,15753,70,100,Calle F,Calle Liverpool,-8.0709414,-79.0163485,-8.1019746,-79.0422055,ok
19962287,M-23 B,14419,27,91,Calle Atahualpa,Calle Pedro Ruiz Gallo,-8.0671698,-79.0283428,-8.1382173,-79.0611237,ok
19962292,M-23 B,15238,91,77,Calle Pedro Ruiz Gallo,Calle Atahualpa,-8.1382173,-79.0611237,-8.0643711,-79.0281907,ok
19962294,M-23 B,14721,91,77,Calle Pedro Ruiz Gallo,Calle 7 de Julio,-8.1382173,-79.0611237,-8.0643711,-79.0281907,ok
19962298,M-23 B,13906,27,91,Calle 7 de Julio,Calle Pedro Ruiz Gallo,-8.0671698,-79.0283428,-8.1382173,-79.0611237,ok
19962300,M-23 B,15654,91,20,Calle Pedro Ruiz Gallo,Via Evitamiento Milagro,-8.1382173,-79.0611237,-8.0561124,-79.0227682,ok
19962303,M-23 B,15324,20,91,Via Evitamiento Milagro,Calle Pedro Ruiz Gallo,-8.0561124,-79.0227682,-8.1382173,-79.0611237,ok
19962313,M-23 B,15995,91,20,Calle Pedro Ruiz Gallo,Via Evitamiento Milagro,-8.1382173,-79.0611237,-8.0561124,-79.0227682,ok
19962315,M-23 B,14779,27,91,Via Evitamiento Milagro,Calle Pedro Ruiz Gallo,-8.0671698,-79.0283428,-8.1382173,-79.0611237,ok
19968178,C-43 A,22799,75,90,Avenida Miguel Grau,Calle Dieciseis,-8.1882198,-79.0066016,-8.0630419,-79.0215375,ok
19972018,M-30 D,30395,89,23,Calle César Vallejo,Calle 11,-8.1489086,-79.0477784,-8.0559679,-79.0499476,ok
19962204,M-18 C1,31692,30,84,Avenida Dos,Avenida Dos,-8.0650750,-79.0173928,-8.0649822,-79.0169131,ok
19972901,M-17 C2,37392,30,84,Avenida Dos,Avenida Dos,-8.0650750,-79.0173928,-8.0649822,-79.0169131,ok
19973156,M-18 C1,31650,84,84,Avenida Dos,Avenida Dos,-8.0649822,-79.0169131,-8.0649822,-79.0169131,ok
19976337,M-17 C2,37679,30,84,Avenida Dos,Avenida Dos,-8.0650750,-79.0173928,-8.0649822,-79.0169131,ok
19961962,M-14 C3,13248,51,82,Ciudad de Dios,Óvalo Larco,-8.0638086,-78.9911182,-8.1241880,-79.0387060,ok
19968121,C-13 D,23083,80,74,Avenida 12 de Noviembre,Calle Miguiel Graú,-8.0640975,-79.0265250,-8.1882523,-79.0066337,ok
19968129,C-45 C,26504,80,74,Avenida 12 de Noviembre,Calle Miguiel Graú,-8.0640975,-79.0265250,-8.1882523,-79.0066337,ok
19972195,C-13 D,24401,80,20,Alto Trujillo,Sector Taquila,-8.0640975,-79.0265250,-8.1871061,-79.0077263,ok
19970882,C-23 S1,20164,77,39,Calle Venezuela,Calle José Joaquín Inclán,-8.0807232,-78.9510846,-8.1216315,-79.0143501,ok
19962130,M-16 C,23070,53,76,Avenida Vallejo,Calle 8,-8.0477020,-79.0705632,-8.1133038,-79.0461236,ok
19968174,C-43 A,21684,43,74,Calle Dieciseis,Avenida Miguel Grau,-8.0626053,-79.0215797,-8.1882523,-79.0066337,ok
19968040,C-39 S,21771,72,68,Calle Jirón Santa Isabel,Calle Inca Roca,-8.1790864,-78.9916117,-8.0711328,-79.0061332,ok
19968053,C-39 S,21221,54,72,Calle Inca Roca,Calle Jirón Santa Isabel,-8.0721511,-79.0065470,-8.1790864,-78.9916117,ok
19990115,C-11 T1,23793,48,72,Alto Porvenir,Panamericana Norte,-8.0616223,-79.0286062,-8.1790864,-78.9916117,ok
19972086,C-25 S2,17241,71,48,Calle Manuel Romero,Avenida Julian Arce,-8.1276414,-79.0200906,-8.0879214,-78.9629815,ok
19972501,C-37 R,16186,57,70,Avenida Julian Arce,Rosas del Valle 1ra Etapa,-8.0871706,-78.9622093,-8.0914074,-79.0418994,ok
19972010,M-30 D,30263,69,50,Calle 11,Calle César Vallejo,-8.0569614,-79.0496226,-8.1483020,-79.0472235,ok
19953369,M-03 B,29671,10,66,Ciudad de Dios,Ciudad de Dios,-8.0911066,-79.0423568,-8.0912942,-79.0418795,ok
19972123,C-26 U,15823,62,48,Óvalo Grau,Avenida Julian Arce,-8.1230626,-79.0229815,-8.0879214,-78.9629815,ok
19966253,C-05 B1,14725,48,56,Avenida Federico Villarreal,Calle Jirón Cuba,-8.1032458,-79.0021649,-8.0499128,-79.0685190,ok
19972474,C-39 S,21403,54,9,Calle Inca Roca,Calle Jirón Santa Isabel,-8.0721511,-79.0065470,-8.1785825,-78.9922665,ok
19972475,C-39 S,22074,9,54,Avenida San José,Calle Ascencio Vergara,-8.1785825,-78.9922665,-8.0721511,-79.0065470,ok
19971942,M-13 C1,24729,51,51,Ciudad de Dios,Ciudad de Dios,-8.0638086,-78.9911182,-8.0638086,-78.9911182,ok
19971999,M-15 C2,30676,51,51,Ciudad de Dios,Sector Santa María Alta,-8.0638086,-78.9911182,-8.0638086,-78.9911182,ok
19976301,M-15 C2,32678,51,51,Sector Santa María Alta,Ciudad de Dios,-8.0638086,-78.9911182,-8.0638086,-78.9911182,ok
19972466,C-40 W,22714,9,48,Avenida San José,Barrio 1B,-8.1785825,-78.9922665,-8.0622518,-79.0320182,ok
19972472,C-44 T2,25332,9,48,Avenida San José,Barrio 1B,-8.1785825,-78.9922665,-8.0622518,-79.0320182,ok
19962213,M-20 C,31077,34,48,Sector Nuevo Horizonte,Avenida 12 de Noviembre,-8.2191561,-78.9717644,-8.0648636,-79.0223039,ok
19966297,C-07 Z1,21254,43,12,Calle 9 de Octubre,El Reposo,-8.0799678,-79.0238453,-7.9930206,-79.0745743,ok
19965854,M-35 D,15938,43,40,Avenida Del Contador,Vía Panamericana,-8.1178827,-79.0053727,-8.0454902,-79.0696424,ok
19971409,M-27 AB,20614,42,14,Avenida Libertad,Avenida Libertad,-8.0935094,-78.9962529,-8.0936075,-78.9967397,ok
19971408,M-27 AB,17813,29,29,Avenida Libertad,Avenida Libertad,-8.0935320,-78.9963647,-8.0935320,-78.9963647,ok
19972458,C-40 W,22890,26,9,Barrio 1B,Avenida San José,-8.0628599,-79.0321708,-8.1785825,-78.9922665,ok
19972467,C-44 T2,25528,26,9,Barrio 1B,Avenida San José,-8.0628599,-79.0321708,-8.1785825,-78.9922665,ok
19977991,C-44 T2,25488,26,9,Barrio 1B,Avenida San José,-8.0628599,-79.0321708,-8.1785825,-78.9922665,ok
19990111,C-11 T1,23424,9,15,Panamericana Norte,Alto Porvenir,-8.1785825,-78.9922665,-8.0611029,-79.0286732,ok
19971440,C-20 UI,27865,12,8,Alto Trujillo,Valle Sol,-8.0477004,-79.0001258,-8.0676541,-78.9802670,ok
19972128,C-21 R,29044,12,8,Alto Trujillo,Valle Sol,-8.0477004,-79.0001258,-8.0676541,-78.9802670,ok
