nombre_kml,lat,lon,capa_kml,gtfs_mas_cercano,distancia_metros
PAT-1,-8.051135145999979,-79.00134169099994,Consolidado,PAT-16,368
PAT-10 / PAT-11,-8.064585597999951,-79.00639285099999,Consolidado,PAT-57,555
PAT-100 / PAT-101,-8.063398786999926,-79.01606513799999,Consolidado,Avenida Dos,199
PAT-104 / PAT-105,-8.064423079999926,-79.02153656099995,Consolidado,Prolongación Avenida 12 de Noviembre y Avenida Albania,98
PAT-106 / PAT-69,-8.058157293999955,-79.02316875699995,Consolidado,PAT-134,227
PAT-107,-8.06590373499995,-79.01732041299994,Consolidado,Avenida Dos,112
PAT-108 / PAT-109,-8.062232044999973,-79.01798478899997,Consolidado,PAT-102,213
PAT-112 / PAT-113,-8.066300843999954,-79.01938965199997,Consolidado,PAT-97,124
PAT-114 / PAT-115,-8.063492835999966,-79.01999183499998,Consolidado,PAT-102,132
PAT-117 / PAT-118,-8.061355005999928,-79.01967253299995,Consolidado,PAT-116,149
PAT-119,-8.06304171599993,-79.02072328099996,Consolidado,Avenida Albania,90
PAT-12 / PAT-4,-8.061797411999976,-79.00463073799995,Consolidado,PAT-57,453
PAT-120 / PAT-121,-8.062237078999942,-79.02169396499994,Consolidado,Avenida Albania,91
PAT-122 / PAT-123,-8.059802729999944,-79.02204969899998,Consolidado,PAT-116,175
PAT-126 / PAT-127,-8.058975937999946,-79.01941342199996,Consolidado,PAT-128,69
PAT-13,-8.05832701099996,-79.00349920799994,Consolidado,PAT-30,251
PAT-130 / PAT-131,-8.057514437999941,-79.02196766599997,Consolidado,PAT-134,163
PAT-133,-8.057685056999958,-79.02032910699995,Consolidado,PAT-128,223
PAT-135 / PAT-136,-8.070127295999953,-79.02964599399996,Consolidado,PAT-142,333
PAT-137 / PAT-138 / PAT-139,-8.07026287399998,-79.03256121899994,Consolidado,PAT-142,309
PAT-140 / PE-331,-8.066938113999981,-79.03286928399996,Consolidado,PAT-142,180
PAT-143 / PAT-144,-8.063680601999977,-79.02830443199997,Consolidado,Avenida Dinamarca y Prolongación Calle 7 de Julio,78
PAT-145 / PAT-146,-8.064682964999975,-79.03005104499994,Consolidado,Avenida Dinamarca y Prolongación Calle 7 de Julio,208
PAT-147 / PAT-148,-8.06580921899996,-79.03005419399994,Consolidado,Prolongación Calle 7 de Julio,203
PAT-149 / PAT-150,-8.064410453999926,-79.03195656599996,Consolidado,PAT-154,200
PAT-15,-8.051215774999946,-79.00127847299996,Consolidado,PAT-16,374
PAT-151 / PAT-152,-8.06497719899994,-79.03275909599995,Consolidado,PAT-154,268
PAT-156 / PAT-157,-8.066124714999944,-79.03024147799994,Consolidado,Prolongación Calle 7 de Julio,208
PAT-18 / PAT-19,-8.067626188999952,-79.01298216299995,Consolidado,PAT-75,271
PAT-20 / PAT-21,-8.066668323999977,-79.01025003399997,Consolidado,PAT-75,521
PAT-22 / PAT-23,-8.065718856999979,-79.00775336399994,Consolidado,PAT-51,623
PAT-24 / PAT-25,-8.065123325999934,-79.00465815599995,Consolidado,Calle Inca Roca y Calle Ascencio Vergara,688
PAT-26 / PAT-27,-8.066069867999943,-79.00698715099998,Consolidado,Calle Inca Roca y Calle Ascencio Vergara,571
PAT-28 / PAT-5,-8.06304146499997,-79.00756391899995,Consolidado,PAT-57,351
PAT-29 / PAT-6,-8.06129088299997,-79.00665610099998,Consolidado,PAT-57,234
PAT-3,-8.058287795999945,-79.00359419899996,Consolidado,PAT-30,240
PAT-32,-8.054509934999942,-79.00470714799997,Consolidado,PAT-14,248
PAT-33,-8.05455939199993,-79.00461937699998,Consolidado,PAT-14,238
PAT-34,-8.052422632999935,-79.00595739599999,Consolidado,Sin nombre,324
PAT-35,-8.052547279999942,-79.00607846199995,Consolidado,Sin nombre,338
PAT-36,-8.049568387999955,-79.00328979699998,Consolidado,Sin nombre,288
PAT-38 / PAT-39,-8.050613487999954,-79.00796285999996,Consolidado,Calle 10,246
PAT-40,-8.053878207999958,-79.00903499699996,Consolidado,PAT-43,395
PAT-41,-8.053940072999978,-79.00895348399996,Consolidado,PAT-43,391
PAT-46,-8.065606698999943,-79.01195133499994,Consolidado,PAT-75,336
PAT-47,-8.065517671999942,-79.01197589099996,Consolidado,PAT-75,336
PAT-48,-8.063631015999931,-79.01088111099995,Consolidado,PAT-51,328
PAT-49,-8.063565638999933,-79.01080149499995,Consolidado,PAT-51,319
PAT-54 / PAT-55,-8.059433952999939,-79.01040088299999,Consolidado,PAT-51,145
PAT-62,-8.060905951999928,-79.02311118599994,Consolidado,Avenida Dinamarca y Prolongación Avenida 12 de Noviembre,277
PAT-63,-8.061014322999938,-79.02304459699997,Consolidado,Avenida Dinamarca y Prolongación Avenida 12 de Noviembre,264
PAT-64,-8.069072736999942,-79.02150285099998,Consolidado,PAT-79,155
PAT-65,-8.068996761999927,-79.02160755099999,Consolidado,PAT-79,158
PAT-67,-8.06550434299993,-79.02654472199998,Consolidado,Calle China y Prolongación Avenida Las Margaritas y Avenida Dinamarca,156
PAT-68,-8.061843880999959,-79.02560772599998,Consolidado,Calle China y Prolongación Avenida Las Margaritas y Avenida Dinamarca,270
PAT-7,-8.06075878799993,-79.00837496499997,Consolidado,PAT-57,88
PAT-70,-8.067409316999942,-79.01546614099993,Consolidado,PAT-75,149
PAT-71 / PAT-77,-8.063673058999939,-79.01617686899993,Consolidado,Avenida Dos,167
PAT-73,-8.065406119999977,-79.02642280499998,Consolidado,Calle China y Prolongación Avenida Las Margaritas y Avenida Dinamarca,146
PAT-74,-8.06188900099994,-79.02549890199998,Consolidado,Calle China y Prolongación Avenida Las Margaritas y Avenida Dinamarca,270
PAT-76,-8.06736319199996,-79.01554606299999,Consolidado,PAT-75,148
PAT-8 / PAT-9,-8.064516799999979,-79.00341896099997,Consolidado,PAT-57,738
PAT-81,-8.067219948999934,-79.02036476799998,Consolidado,PAT-79,100
PAT-82 / PAT-85,-8.066793339999947,-79.01829068999996,Consolidado,PAT-83,153
PAT-84,-8.067117024999959,-79.02039824399998,Consolidado,PAT-79,111
PAT-86 / PAT-87,-8.06971443699996,-79.02783714799995,Consolidado,PAT-66,205
PAT-91 / PAT-92,-8.063724355999966,-79.02420789499996,Consolidado,Prolongación Avenida 12 de Noviembre,178
PAT-98 / PAT-99,-8.06510381399994,-79.01766596599998,Consolidado,Avenida Dos,84
PE-1,-8.051992577999954,-79.05901765099998,Consolidado,PE-280,213
PE-10,-8.053387202999943,-79.07896833499996,Consolidado,Jirón los Robles,132
PE-101,-8.050712415999953,-79.05194078699998,Consolidado,Calle Libertad,231
PE-102 / PE-112,-8.04932211299996,-79.05012206299995,Consolidado,PE-108,173
PE-103,-8.050096443999962,-79.05117566299998,Consolidado,Calle Libertad,263
PE-104 / PE-117,-8.047901864999972,-79.05269459699997,Consolidado,Calle Libertad,164
PE-106,-8.043770613999925,-79.05161701599997,Consolidado,PE-116,254
PE-107,-8.045844531999933,-79.05005859999994,Consolidado,PE-108,226
PE-109,-8.053120391999926,-79.05011229399997,Consolidado,Calle 11 y Calle los Geranios,317
PE-11,-8.047510072999955,-79.06875001599997,Consolidado,Jirón Brasil,201
PE-111,-8.050789203999955,-79.05186037899995,Consolidado,Calle Libertad,243
PE-114,-8.045493055999941,-79.05022412699998,Consolidado,PE-116,248
PE-115,-8.04376323699995,-79.05148155999996,Consolidado,PE-116,260
PE-118,-8.050025448999975,-79.05136412499996,Consolidado,Calle Libertad,241
PE-12,-8.049005428999976,-79.07049575499997,Consolidado,Jirón Brasil,145
PE-120,-8.052881732999936,-79.05013143099995,Consolidado,Calle 11 y Calle los Geranios,344
PE-121,-8.05514521899994,-79.07868211699997,Consolidado,Jirón los Robles,143
PE-122,-8.055495105999967,-79.07685121899993,Consolidado,Jirón los Robles,203
PE-123,-8.05766179099993,-79.07493186399995,Consolidado,Jirón los Tulipanes,268
PE-124,-8.057341617999953,-79.07377679799998,Consolidado,Jirón los Tulipanes,332
PE-125,-8.058787346999964,-79.07456477799997,Consolidado,Jirón los Tulipanes,151
PE-126,-8.055408184999976,-79.07461527099997,Consolidado,Jirón los Robles,400
PE-127,-8.052220449999936,-79.07534835399997,Consolidado,Jirón los Robles,355
PE-128,-8.053864846999943,-79.07390272599997,Consolidado,Avenida José Faustino Sánchez Carrión,419
PE-129,-8.052962692999927,-79.07828739499996,Consolidado,Jirón los Robles,126
PE-13,-8.050974400999962,-79.07276339599997,Consolidado,Avenida José Faustino Sánchez Carrión,370
PE-130,-8.051014794999958,-79.07601699999998,Consolidado,Jirón los Robles,402
PE-131,-8.049205607999966,-79.07389696499996,Consolidado,Jirón Brasil,403
PE-132,-8.047364933999972,-79.07181711499999,Consolidado,Jirón Brasil,143
PE-134,-8.054412958999933,-79.07668623299998,Consolidado,Jirón los Robles,148
PE-135,-8.052619077999964,-79.07456265999997,Consolidado,Jirón los Robles,409
PE-136,-8.050851259999945,-79.07248251499999,Consolidado,Avenida José Faustino Sánchez Carrión,356
PE-137,-8.049026589999926,-79.07036052399997,Consolidado,Jirón Brasil,149
PE-138,-8.047412531999953,-79.06843252599998,Consolidado,Jirón Brasil,237
PE-139,-8.05101248799997,-79.07103163699998,Consolidado,Avenida José Faustino Sánchez Carrión,250
PE-14,-8.052974784999947,-79.07512619099998,Consolidado,Jirón los Robles,337
PE-140,-8.049164750999978,-79.06886957199998,Consolidado,Avenida José Faustino Sánchez Carrión y Jirón Brasil,92
PE-141,-8.055857557999957,-79.07154112399996,Consolidado,Avenida José Faustino Sánchez Carrión,342
PE-142,-8.053693307999936,-79.07039568299996,Consolidado,Avenida José Faustino Sánchez Carrión,71
PE-143,-8.05361831199997,-79.06813228599998,Consolidado,PE-150,173
PE-144,-8.055016635999948,-79.06543637199997,Consolidado,PE-150,295
PE-145,-8.05616573499998,-79.06324371999995,Consolidado,PE-150,548
PE-149,-8.052526099999966,-79.05870361199999,Consolidado,PE-280,144
PE-15,-8.05454278999997,-79.07695595099995,Consolidado,Jirón los Robles,125
PE-151,-8.050788773999955,-79.06579563999998,Consolidado,PE-150,246
PE-152,-8.048900183999933,-79.06038561699995,Consolidado,PE-148,271
PE-153,-8.047637426999927,-79.06272403599996,Consolidado,PE-147,275
PE-154,-8.046516597999926,-79.06487627099995,Consolidado,PE-4,241
PE-155,-8.067230841999958,-79.07551524199994,Consolidado,PE-172,434
PE-156 / PE-28,-8.064596735999942,-79.07852072399999,Consolidado,Avenida Pisacc,168
PE-157,-8.06581521499993,-79.07696897899996,Consolidado,Avenida Pisacc,385
PE-158,-8.056679244999941,-79.07929303699996,Consolidado,Jirón los Robles,325
PE-159,-8.059452928999974,-79.07612328399995,Consolidado,Jirón los Tulipanes,142
PE-16,-8.04896224199996,-79.06880416199994,Consolidado,Avenida José Faustino Sánchez Carrión y Jirón Brasil,110
PE-160,-8.065166297999951,-79.06533299099993,Consolidado,PE-265,315
PE-163,-8.06387091199997,-79.06699467199996,Consolidado,PE-161,343
PE-164,-8.062900861999935,-79.06949133699999,Consolidado,PE-172,406
PE-165,-8.061771128999965,-79.07164992599996,Consolidado,PE-172,314
PE-166,-8.060665184999948,-79.07380459799998,Consolidado,PE-170,125
PE-167,-8.064416601999937,-79.06830228499996,Consolidado,PE-161,242
PE-168,-8.063717481999959,-79.07029810599994,Consolidado,PE-172,293
PE-169,-8.062633238999979,-79.07235514099995,Consolidado,PE-172,196
PE-17,-8.051042332999941,-79.07123778899995,Consolidado,Avenida José Faustino Sánchez Carrión,256
PE-171,-8.065408674999958,-79.07076479899996,Consolidado,Avenida el Sol,242
PE-173,-8.06323243199995,-79.07498012799994,Consolidado,PE-170,199
PE-174,-8.063959972999953,-79.07859655999994,Consolidado,Avenida Pisacc,138
PE-175,-8.057535292999944,-79.07779650699996,Consolidado,Jirón los Robles,387
PE-176,-8.060174657999937,-79.07699603199995,Consolidado,Jirón los Tulipanes,221
PE-177,-8.058260005999955,-79.07864314999995,Consolidado,Jirón los Tulipanes,450
PE-178,-8.075538562999952,-79.04312774399995,Consolidado,PE-82,219
PE-179,-8.077805181999963,-79.04189367299995,Consolidado,PE-82,458
PE-18,-8.04941406499995,-79.06845712299997,Consolidado,Avenida José Faustino Sánchez Carrión y Jirón Brasil,56
PE-180,-8.062201878999929,-79.04994684299999,Consolidado,PE-192,85
PE-181,-8.064856751999969,-79.04925314399998,Consolidado,PE-192,255
PE-182,-8.067710346999945,-79.04813640699996,Consolidado,PE-189,273
PE-183,-8.069628382999952,-79.04719338199999,Consolidado,PE-79,301
PE-184,-8.072036596999965,-79.04580583399996,Consolidado,PE-242,318
PE-185,-8.074817010999936,-79.04432079999998,Consolidado,PE-82,248
PE-186,-8.077108704999944,-79.04302058699994,Consolidado,PE-82,384
PE-187,-8.079271809999966,-79.04182426699998,Consolidado,PE-306,461
PE-188,-8.06353073899993,-79.05178851399995,Consolidado,PE-233,157
PE-19,-8.051161129999969,-79.06937411599995,Consolidado,Avenida José Faustino Sánchez Carrión y Jirón Brasil,168
PE-190 / PE-83,-8.075399091999941,-79.04138890299998,Consolidado,PE-82,216
PE-191,-8.077385393999975,-79.04038438699996,Consolidado,PE-82,463
PE-193,-8.06543129299996,-79.04846217799997,Consolidado,PE-192,331
PE-194,-8.06831022199998,-79.04699984799998,Consolidado,PE-78,227
PE-195,-8.070455967999976,-79.04586833699994,Consolidado,PE-79,232
PE-196,-8.072947781999972,-79.04441671299998,Consolidado,PE-82,241
PE-197,-8.071951214999956,-79.04913043299996,Consolidado,PE-44,283
PE-199,-8.077263364999965,-79.04616247599995,Consolidado,PE-225,175
PE-20,-8.053801316999966,-79.07079378999998,Consolidado,Avenida José Faustino Sánchez Carrión,104
PE-200,-8.079832213999964,-79.04468570199998,Consolidado,PE-306,206
PE-201 / PE-49,-8.072319952999976,-79.05057148899994,Consolidado,PE-48,313
PE-203 / PE-40,-8.072978423999928,-79.05498093299997,Consolidado,PE-48,195
PE-204,-8.07083221399995,-79.05577851799995,Consolidado,PE-205,365
PE-206,-8.06561923299995,-79.05758845599996,Consolidado,PE-35,178
PE-209 / PE-36,-8.064958452999974,-79.06034684599996,Consolidado,PE-268,202
PE-21,-8.056347961999961,-79.07210802499998,Consolidado,Avenida José Faustino Sánchez Carrión,420
PE-210,-8.067323622999936,-79.06060083599994,Consolidado,PE-268,234
PE-211,-8.070973281999954,-79.05933128599997,Consolidado,PE-97,233
PE-212,-8.073529833999942,-79.05833971099997,Consolidado,PE-215,206
PE-214 / PE-96,-8.073240295999938,-79.06149210699994,Consolidado,PE-97,119
PE-216,-8.074295423999956,-79.05643468199997,Consolidado,PE-217,196
PE-218,-8.078439439999954,-79.05576914299996,Consolidado,PE-217,286
PE-219 / PE-90,-8.080852052999944,-79.05486382999999,Consolidado,PE-245,309
PE-22,-8.060287823999943,-79.07697199899997,Consolidado,Jirón los Tulipanes,219
PE-220,-8.08089318499998,-79.05016070699997,Consolidado,PE-245,292
PE-221,-8.077988563999952,-79.05148006799999,Consolidado,PE-245,484
PE-222,-8.075489923999953,-79.05265308899999,Consolidado,PE-48,254
PE-223,-8.072578047999968,-79.04912380299999,Consolidado,PE-44,221
PE-224,-8.075678170999936,-79.04776460199997,Consolidado,PE-44,160
PE-226 / PE-91,-8.080756747999942,-79.04847469999999,Consolidado,PE-225,319
PE-228,-8.056784577999963,-79.05021983399996,Consolidado,Calle 11 y Calle los Geranios,96
PE-229,-8.057520129999943,-79.04887287399998,Consolidado,PE-227,204
PE-23,-8.05843435099996,-79.07856919999995,Consolidado,Jirón los Tulipanes,434
PE-230,-8.056431127999929,-79.05093760899996,Consolidado,PE-69,67
PE-234,-8.062785319999932,-79.04787304799999,Consolidado,PE-192,156
PE-235,-8.064439252999932,-79.04615705799995,Consolidado,PE-238,187
PE-236,-8.04598928699994,-79.05737732999995,Consolidado,PE-276,393
PE-24,-8.056603447999976,-79.07934696799998,Consolidado,Jirón los Robles,320
PE-241,-8.067931457999975,-79.04758247999996,Consolidado,PE-78,257
PE-244,-8.073757112999942,-79.04124998799995,Consolidado,PE-82,123
PE-247 / PE-248,-8.08213580499995,-79.04920395799996,Consolidado,PE-245,356
PE-249,-8.08196918799996,-79.04695449299999,Consolidado,PE-306,187
PE-25,-8.058097030999932,-79.08108660899995,Consolidado,Avenida los Tulipanes y Avenida los Cipreses,288
PE-250,-8.08114932999996,-79.04661597799998,Consolidado,PE-306,152
PE-251,-8.071363307999945,-79.06271880599996,Consolidado,PE-256,204
PE-252,-8.071421947999966,-79.06280713499996,Consolidado,PE-256,192
PE-257 / PE-258,-8.071209284999952,-79.06709391899994,Consolidado,PE-255,265
PE-259 / PE-260,-8.070119782999939,-79.06992791199997,Consolidado,Avenida Nuevo Trujillo y Avenida el Sol,275
PE-26,-8.059481667999933,-79.08271962499998,Consolidado,Avenida los Tulipanes y Avenida los Cipreses,51
PE-261 / PE-262,-8.068954405999932,-79.07265425399999,Consolidado,PE-33,145
PE-263,-8.069106451999971,-79.06721029999994,Consolidado,PE-161,312
PE-264,-8.068910338999956,-79.06688736899997,Consolidado,PE-161,311
PE-269,-8.064592540999968,-79.06187555199995,Consolidado,PE-268,129
PE-27,-8.061923710999963,-79.08128394899995,Consolidado,Avenida Pisacc y Avenida Alan Garcia,188
PE-270,-8.06440190099994,-79.06184250499996,Consolidado,PE-268,150
PE-275,-8.053390276999949,-79.05520040799996,Consolidado,PE-277,107
PE-278,-8.057241087999955,-79.05986116599996,Consolidado,PE-280,453
PE-279,-8.05711451299993,-79.06004679599994,Consolidado,PE-280,451
PE-282,-8.053972933999944,-79.05580069799998,Consolidado,PE-277,119
PE-283 / PE-284,-8.047375648999946,-79.07091889099996,Consolidado,Jirón Brasil,53
PE-286,-8.081822736999925,-79.04004408299994,Consolidado,PE-289,395
PE-287,-8.08040633099995,-79.03751287599994,Consolidado,PE-289,715
PE-288 / PE-292,-8.084774188999972,-79.04093695499995,Consolidado,PE-289,277
PE-290,-8.081725897999945,-79.03995792099994,Consolidado,PE-289,409
PE-291,-8.080297918999975,-79.03738682299996,Consolidado,PFM-85,721
PE-293 / PE-294,-8.077568374999942,-79.03513166099998,Consolidado,PE-336,470
PE-295 / PE-296,-8.078913383999975,-79.03351434499996,Consolidado,PFM-85,309
PE-297 / PE-298,-8.075621268999953,-79.03491570999995,Consolidado,PE-336,262
PE-299 / PE-300,-8.080912324999929,-79.03245618499994,Consolidado,PFM-85,215
PE-30,-8.06546982499998,-79.06542857999995,Consolidado,PE-265,296
PE-301,-8.08300701099995,-79.04307776599995,Consolidado,PE-289,66
PE-302,-8.08375637599994,-79.04243329199994,Consolidado,PE-289,82
PE-307 / PE-308,-8.082387023999956,-79.04010145199999,Consolidado,PE-289,362
PE-309 / PE-310,-8.077980638999975,-79.03838119699998,Consolidado,PE-82,646
PE-31,-8.065914603999943,-79.07695485899995,Consolidado,Avenida Pisacc,393
PE-311,-8.076883775999931,-79.03761015199996,Consolidado,PE-336,563
PE-312,-8.076893299999938,-79.03750187799994,Consolidado,PE-336,554
PE-313 / PE-314,-8.080642544999932,-79.03690420999999,Consolidado,PFM-85,672
PE-315 / PE-316,-8.083655319999934,-79.03515726899997,Consolidado,PE-328,476
PE-317 / PE-318,-8.086508539999954,-79.03354258299998,Consolidado,PE-328,250
PE-319 / PE-320,-8.08162583199993,-79.03246115499996,Consolidado,PFM-85,268
PE-32,-8.067331028999945,-79.07549189499997,Consolidado,PE-172,441
PE-321 / PE-322,-8.077907508999942,-79.03582482099995,Consolidado,PE-336,534
PE-323 / PE-324,-8.080559481999956,-79.03432480899994,Consolidado,PFM-85,391
PE-325 / PE-326,-8.083478061999926,-79.03278117399998,Consolidado,PFM-69,258
PE-329 / PE-330,-8.07886092299998,-79.03241878899996,Consolidado,PFM-85,201
PE-332 / PE-333,-8.068327051999972,-79.03432111099994,Consolidado,PAT-142,325
PE-334 / PE-335,-8.062945002999982,-79.03391876799998,Consolidado,Calle Miguel Grau,104
PE-338 / PE-339,-8.071278932999974,-79.03421381599998,Consolidado,PE-336,259
PE-340,-8.067949617999943,-79.03457008599997,Consolidado,PAT-142,346
PE-341,-8.068601691999959,-79.03476602399996,Consolidado,PAT-142,380
PE-342,-8.06668151499997,-79.03573445399996,Consolidado,PAT-142,487
PE-343,-8.066502734999972,-79.03601585399997,Consolidado,PAT-142,522
PE-344,-8.067816654999945,-79.03741483899995,Consolidado,PAT-142,659
PE-345,-8.067571356999963,-79.03719689299999,Consolidado,PAT-142,635
PE-346,-8.066447818999961,-79.03960362899994,Consolidado,PE-238,594
PE-347,-8.066567043999953,-79.03956398999998,Consolidado,PE-238,600
PE-348,-8.063606726999978,-79.04042947999994,Consolidado,PE-351,396
PE-349,-8.06433861499994,-79.04177048899999,Consolidado,PE-238,375
PE-350,-8.06131817499994,-79.04356287299998,Consolidado,Calle las Azucenas y Calle los Rosales,148
PE-352,-8.080589750999934,-79.04189453599997,Consolidado,PE-289,362
PE-353,-8.080745595999929,-79.04185071699999,Consolidado,PE-289,348
PE-37,-8.066123379999965,-79.05732815799996,Consolidado,PE-205,186
PE-39,-8.070522970999946,-79.05585371699993,Consolidado,PE-205,330
PE-41,-8.075923141999965,-79.04774425299996,Consolidado,PE-44,187
PE-43,-8.063725664999936,-79.05200438399999,Consolidado,PE-233,177
PE-45,-8.076380660999973,-79.04683527899994,Consolidado,PE-44,271
PE-46,-8.079254674999959,-79.04519408399995,Consolidado,PE-225,133
PE-47,-8.07440184799998,-79.05650487699995,Consolidado,PE-217,183
PE-5,-8.046722294999938,-79.06858449299995,Consolidado,Avenida Manuel Scorza y Jirón Álamos,180
PE-50,-8.072489685999926,-79.04925645599997,Consolidado,PE-44,237
PE-52,-8.06466577699996,-79.04930352299994,Consolidado,PE-192,234
PE-53,-8.067620560999956,-79.04824908099994,Consolidado,PE-189,260
PE-54,-8.069721492999975,-79.04710101699999,Consolidado,PE-79,294
PE-55,-8.072162447999972,-79.04564644599998,Consolidado,PE-242,311
PE-56,-8.074679488999948,-79.04436646499994,Consolidado,PE-82,245
PE-57,-8.076951969999925,-79.04311664699998,Consolidado,PE-82,369
PE-58,-8.078735611999946,-79.04211071399999,Consolidado,PE-225,464
PE-59,-8.062025271999971,-79.05002817599996,Consolidado,PE-192,103
PE-6,-8.045890141999962,-79.07020991799999,Consolidado,Avenida Manuel Scorza y Jirón Álamos,77
PE-61,-8.065545848999932,-79.04839867599998,Consolidado,PE-189,329
PE-62,-8.068434599999932,-79.04697136399994,Consolidado,PE-78,234
PE-63,-8.070545866999964,-79.04575683199994,Consolidado,PE-79,233
PE-64,-8.072889541999928,-79.04451851199997,Consolidado,PE-82,254
PE-65,-8.075377535999962,-79.04317728299998,Consolidado,PE-82,205
PE-66,-8.077593459999946,-79.04196059299994,Consolidado,PE-82,434
PE-7,-8.047731780999925,-79.07235953899999,Consolidado,Jirón Brasil,198
PE-70,-8.057263232999958,-79.04898811099997,Consolidado,PE-227,178
PE-71,-8.059992706999935,-79.04799449799998,Consolidado,PE-231,63
PE-74,-8.063247433999948,-79.04747140199999,Consolidado,PE-192,212
PE-75,-8.064864081999929,-79.04579728699997,Consolidado,PE-238,126
PE-77,-8.067959887999962,-79.04781160499994,Consolidado,PE-78,281
PE-8,-8.049481666999952,-79.07440074899995,Consolidado,Jirón Brasil,467
PE-84,-8.07754388899997,-79.04036887999996,Consolidado,PE-82,479
PE-85,-8.075376138999957,-79.05267559199996,Consolidado,PE-48,241
PE-86,-8.078172835999965,-79.05147621699996,Consolidado,PE-245,465
PE-87,-8.081063502999939,-79.05016930299996,Consolidado,PE-245,282
PE-89,-8.078487374999952,-79.05589695999998,Consolidado,PE-217,287
PE-9,-8.051333930999931,-79.07654390099998,Consolidado,Jirón los Robles,342
PE-92,-8.067484390999937,-79.06062198299998,Consolidado,PE-268,246
PE-93,-8.070569901999932,-79.05950457299997,Consolidado,PE-97,261
PE-94,-8.073572259999935,-79.05845368399997,Consolidado,PE-215,193
PE-98,-8.046633330999953,-79.05748020199997,Consolidado,PE-276,325
PE-99,-8.051714740999955,-79.05733787199995,Consolidado,PE-277,195
PFM-1,-8.083099391999951,-79.01397719899995,Consolidado,MRFT-151,321
PFM-100 / PFM-99,-8.075278405999939,-79.02291721499995,Consolidado,Calle 5 de Noviembre y Calle 9 de Octubre,560
PFM-101,-8.080545504999975,-79.01894968299996,Consolidado,Calle 5 de Noviembre y Calle 9 de Octubre,625
PFM-102 / PFM-103,-8.079603603999942,-79.01582079699995,Consolidado,MRFT-151,709
PFM-104,-8.08065533599995,-79.01901317799997,Consolidado,Calle 5 de Noviembre y Calle 9 de Octubre,619
PFM-105,-8.076868136999963,-79.02261642699995,Consolidado,Calle 5 de Noviembre y Calle 9 de Octubre,414
PFM-106,-8.076897624999958,-79.02251133799996,Consolidado,Calle 5 de Noviembre y Calle 9 de Octubre,417
PFM-11,-8.083128636999959,-79.02422085299997,Consolidado,Calle 5 de Noviembre y Calle 9 de Octubre,347
PFM-12,-8.083051950999959,-79.02429256099998,Consolidado,Calle 5 de Noviembre y Calle 9 de Octubre,338
PFM-13,-8.08592111799993,-79.02388619299995,Consolidado,Calle 21 de Octubre y Avenida los Laureles,356
PFM-14,-8.085836173999951,-79.02392697199997,Consolidado,Calle 21 de Octubre y Avenida los Laureles,366
PFM-15 / PFM-19,-8.07765939099994,-79.02487835599999,Consolidado,Calle 5 de Noviembre y Calle 9 de Octubre,265
PFM-16,-8.076133023999944,-79.02037717799999,Consolidado,PP-186,581
PFM-17,-8.07970426099996,-79.01967206799998,Consolidado,Calle 5 de Noviembre y Calle 9 de Octubre,544
PFM-18,-8.083913477999943,-79.01872867599997,Consolidado,MRFT-151,492
PFM-2,-8.080300671999964,-79.01220484199996,Consolidado,PP-21,625
PFM-20,-8.081928967999943,-79.02948341199993,Consolidado,PFM-69,166
PFM-21,-8.081523652999977,-79.02558821399998,Consolidado,Calle 5 de Noviembre y Calle 9 de Octubre,198
PFM-22,-8.075342071999955,-79.01367484899998,Consolidado,PP-132,437
PFM-23,-8.075249411999948,-79.01375163699998,Consolidado,PP-132,436
PFM-24,-8.085779593999973,-79.01657878499998,Consolidado,MRFT-151,204
PFM-25,-8.087212582999939,-79.02631574199995,Consolidado,AVOC-454,367
PFM-26,-8.08674005499995,-79.02266656099994,Consolidado,Calle 21 de Octubre y Avenida los Laureles,242
PFM-27,-8.086301412999944,-79.01995505099995,Consolidado,Calle 21 de Octubre y Avenida los Laureles,423
PFM-28,-8.083740908999971,-79.01885005199995,Consolidado,MRFT-151,512
PFM-29 / PFM-63,-8.084568058999935,-79.02327407299998,Consolidado,Calle 21 de Octubre y Avenida los Laureles,487
PFM-3,-8.07285952799998,-79.02092037199998,Consolidado,PP-186,359
PFM-30,-8.079600494999966,-79.01977621199995,Consolidado,Calle 5 de Noviembre y Calle 9 de Octubre,533
PFM-31,-8.085892506999926,-79.01665890299995,Consolidado,MRFT-151,212
PFM-32,-8.087292275999971,-79.02636115999996,Consolidado,AVOC-454,365
PFM-33,-8.086832254999933,-79.02273152399994,Consolidado,Calle 21 de Octubre y Avenida los Laureles,232
PFM-34,-8.086409957999933,-79.02004425499996,Consolidado,Calle 21 de Octubre y Avenida los Laureles,408
PFM-35 / PFM-36,-8.07882768099995,-79.02639123899996,Consolidado,Calle 5 de Noviembre y Calle 9 de Octubre,238
PFM-37,-8.07837825799993,-79.01756738599994,Consolidado,PP-184,742
PFM-38,-8.078272727999945,-79.01753145399994,Consolidado,PP-184,730
PFM-39 / PFM-40,-8.08869502899995,-79.02652226599997,Consolidado,AVOC-454,300
PFM-4,-8.08754391399998,-79.02999260499996,Consolidado,PE-328,251
PFM-41 / PFM-45,-8.086364853999953,-79.02679865899995,Consolidado,AVOC-454,472
PFM-42 / PFM-46,-8.084186667999973,-79.02708516499996,Consolidado,PFM-69,394
PFM-43 / PFM-47,-8.082184396999935,-79.02731564499999,Consolidado,PFM-69,361
PFM-44 / PFM-48,-8.079961387999958,-79.02762297699996,Consolidado,Calle 5 de Noviembre y Calle 9 de Octubre,333
PFM-49 / PFM-52,-8.080581931999973,-79.03032997599996,Consolidado,PFM-84,102
PFM-5,-8.087626801999932,-79.03007444699995,Consolidado,PE-328,253
PFM-50 / PFM-53,-8.080288241999938,-79.02719396099997,Consolidado,Calle 5 de Noviembre y Calle 9 de Octubre,287
PFM-51 / PFM-54,-8.079952033999973,-79.02345448899996,Consolidado,Calle 5 de Noviembre y Calle 9 de Octubre,127
PFM-55 / PFM-56,-8.07700297699995,-79.01582615299998,Consolidado,PP-184,615
PFM-57,-8.076215641999966,-79.01710327899997,Consolidado,PP-184,503
PFM-58,-8.076291829999946,-79.01715289099997,Consolidado,PP-184,511
PFM-59 / PFM-60,-8.07448941299998,-79.01737261399995,Consolidado,PP-184,309
PFM-6,-8.076196908999975,-79.02025530699996,Consolidado,PP-186,582
PFM-61 / PFM-62,-8.074730123999927,-79.01673760799997,Consolidado,PP-184,345
PFM-64 / PFM-65,-8.083650482999928,-79.02532880899997,Consolidado,Calle 5 de Noviembre y Calle 9 de Octubre,410
PFM-66,-8.083864714999947,-79.02807797899999,Consolidado,PFM-69,279
PFM-67,-8.08390122399993,-79.02796638399997,Consolidado,PFM-69,292
PFM-7,-8.073815091999961,-79.02518726299996,Consolidado,PFM-98,344
PFM-70 / PFM-71,-8.084638844999972,-79.02558365099998,Consolidado,Calle 5 de Noviembre y Calle 9 de Octubre,524
PFM-72 / PFM-73,-8.087879480999959,-79.02512832999997,Consolidado,AVOC-454,225
PFM-74,-8.084097458999963,-79.02140653999999,Consolidado,Calle 21 de Octubre y Avenida los Laureles,556
PFM-75,-8.084025973999928,-79.02146749399998,Consolidado,Calle 21 de Octubre y Avenida los Laureles,562
PFM-76 / PFM-77,-8.080781129999934,-79.02205433499995,Consolidado,Calle 5 de Noviembre y Calle 9 de Octubre,293
PFM-78 / PFM-79,-8.080862339999953,-79.02564177799997,Consolidado,Calle 5 de Noviembre y Calle 9 de Octubre,147
PFM-8,-8.073721966999926,-79.02526570499998,Consolidado,PFM-98,331
PFM-80 / PFM-81,-8.08120417899994,-79.02940887999995,Consolidado,PFM-84,220
PFM-82 / PFM-83,-8.078906795999956,-79.02945293499994,Consolidado,PFM-84,180
PFM-88 / PFM-89,-8.072702122999942,-79.02754224399996,Consolidado,PFM-98,236
PFM-90 / PFM-91,-8.078077417999964,-79.02960143899998,Consolidado,PFM-84,233
PFM-92 / PFM-93,-8.075614493999979,-79.03004110499995,Consolidado,PFM-87,222
PFM-94 / PFM-95,-8.07280572999997,-79.02946476399995,Consolidado,PFM-87,397
PFM-96,-8.075759438999967,-79.02577137599997,Consolidado,PFM-86,255
PFM-97,-8.072669937999933,-79.02607201999996,Consolidado,PFM-98,194
PH-1,-8.088567160999958,-79.11528439299997,Consolidado,Avenida la Paz,187
PH-10,-8.078582479999966,-79.12047004799996,Consolidado,PH-9,365
PH-104,-8.001245368999946,-79.07221029399994,Consolidado,Carretera Panamericana Norte,311
PH-105,-8.011867977999941,-79.06882948699996,Consolidado,Avenida Miguel Grau,156
PH-106,-8.014227404999929,-79.06630543999995,Consolidado,Avenida Miguel Grau,168
PH-107,-8.016140201999974,-79.07267767399998,Consolidado,PH-118,65
PH-108,-8.035418149999941,-79.06373928299996,Consolidado,PH-97,343
PH-111,-8.023428046999982,-79.06489486899994,Consolidado,PH-110,440
PH-114,-8.034263710999937,-79.06139146299995,Consolidado,PH-132,438
PH-115,-8.03765066699998,-79.06020413399995,Consolidado,PH-135,528
PH-119,-8.017856653999957,-79.07162957899999,Consolidado,PH-118,186
PH-12,-8.086004042999946,-79.12228226299999,Consolidado,PH-31,253
PH-120,-8.051213902999962,-79.08442137599997,Consolidado,Carretera Panamericana Norte,514
PH-121,-8.05257557699997,-79.08178814799999,Consolidado,Jirón los Robles,450
PH-122,-8.045365467999943,-79.06686885599999,Consolidado,Avenida Manuel Scorza y Jirón Álamos,306
PH-123,-8.02030874999997,-79.07065638399996,Consolidado,PH-118,479
PH-124,-8.026253679999968,-79.06838546899996,Consolidado,PH-112,536
PH-126 / PH-93,-8.022984107999946,-79.06972997099996,Consolidado,PH-110,539
PH-127,-8.035540591999961,-79.06394004699996,Consolidado,PH-97,330
PH-129,-8.019157980999978,-79.06613360799997,Consolidado,PH-110,57
PH-13,-8.089168056999938,-79.11972728499995,Consolidado,Avenida la Paz,472
PH-130,-8.022955933999981,-79.06492241799998,Consolidado,PH-110,390
PH-133,-8.03448865699994,-79.06114030499998,Consolidado,PH-132,470
PH-134,-8.03799254699993,-79.05996179499994,Consolidado,PH-135,484
PH-138,-8.001605496999957,-79.07188610699995,Consolidado,Carretera Panamericana Norte,360
PH-139,-8.005873313999928,-79.07049089799995,Consolidado,PH-101,77
PH-14,-8.091339645999938,-79.11790929799997,Consolidado,Avenida la Paz,286
PH-140,-8.011756354999932,-79.06861547899996,Consolidado,Avenida Miguel Grau,159
PH-141,-8.014494756999966,-79.06614844399996,Consolidado,PH-128,179
PH-142,-8.016078457999981,-79.07279805499996,Consolidado,PH-118,79
PH-143,-8.029466954999975,-79.06734866899995,Consolidado,PH-144,340
PH-145,-8.034347817999958,-79.06719094699997,Consolidado,PH-97,77
PH-147,-8.036447704999944,-79.07084894499997,Consolidado,PH-125,180
PH-152,-8.044734391999953,-79.07314291999995,Consolidado,Avenida Manuel Scorza y Jirón Álamos,394
PH-153,-8.044900354999982,-79.07306313899994,Consolidado,Avenida Manuel Scorza y Jirón Álamos,382
PH-156,-8.040465964999953,-79.07295514299994,Consolidado,PH-149,297
PH-157,-8.04045786699993,-79.07306173499995,Consolidado,PH-149,302
PH-158,-8.038354669999933,-79.07251937199999,Consolidado,PH-149,89
PH-159,-8.038365020999947,-79.07241323099998,Consolidado,PH-149,79
PH-16,-8.09273066299994,-79.10534182099997,Consolidado,PH-15,793
PH-160,-8.03100133199996,-79.06168216199995,Consolidado,PH-132,106
PH-161,-8.03110513799993,-79.06166362799996,Consolidado,PH-132,114
PH-164 / PH-165,-8.09993652299994,-79.05686861899994,Consolidado,PH-55,149
PH-166,-8.096382071999926,-79.05560559499997,Consolidado,PH-168,402
PH-18,-8.067871327999967,-79.11168064099996,Consolidado,PH-44,97
PH-2,-8.086216578999938,-79.11448374999998,Consolidado,Avenida el Triunfo,147
PH-20,-8.073522572999934,-79.11437491199996,Consolidado,PH-19,341
PH-21,-8.075993920999963,-79.11541944699997,Consolidado,PH-7,257
PH-22,-8.079663466999932,-79.11661804699997,Consolidado,PH-39,125
PH-26,-8.092529403999947,-79.10558086199995,Consolidado,PH-15,789
PH-28,-8.091876965999973,-79.11729523899999,Consolidado,Avenida la Paz,264
PH-29,-8.089853381999944,-79.11891164099995,Consolidado,Avenida la Paz,370
PH-30,-8.086141515999941,-79.12195727399995,Consolidado,PH-31,281
PH-33,-8.082712539999932,-79.11958360499995,Consolidado,PH-32,315
PH-34 / PH-5,-8.081500006999931,-79.11849742999993,Consolidado,PH-4,379
PH-37,-8.085618383999929,-79.11436568999994,Consolidado,Avenida el Triunfo,196
PH-38,-8.088830171999973,-79.11538563199997,Consolidado,Avenida la Paz,156
PH-40,-8.07542462799995,-79.11534030899998,Consolidado,PH-7,288
PH-41,-8.072353120999935,-79.11569598099999,Consolidado,PH-8,317
PH-42,-8.068335735999938,-79.11697537299995,Consolidado,PH-19,508
PH-43,-8.067293656999937,-79.11506531599997,Consolidado,PH-44,342
PH-47,-8.08987160099997,-79.08868325999998,Consolidado,PH-81,342
PH-48,-8.091296693999936,-79.08465238399998,Consolidado,PH-81,813
PH-49,-8.09256690199993,-79.08031759499994,Consolidado,PH-51,877
PH-50,-8.09324458499998,-79.07655515599998,Consolidado,PH-51,456
PH-52,-8.098276669999962,-79.06872755899997,Consolidado,PH-51,614
PH-53,-8.09988021199996,-79.06482931499994,Consolidado,PH-55,821
PH-54,-8.100497136999934,-79.06164601099994,Consolidado,PH-55,464
PH-56,-8.102797746999954,-79.10285610599993,Consolidado,PH-79,53
PH-6,-8.079959947999953,-79.11854385999999,Consolidado,PH-39,279
PH-64,-8.100513732999957,-79.06091898099999,Consolidado,PH-55,385
PH-65,-8.10009496899994,-79.06271712199998,Consolidado,PH-55,588
PH-66,-8.099562964999961,-79.06497094699995,Consolidado,PH-55,843
PH-67,-8.096954636999953,-79.06972717599996,Consolidado,PH-51,432
PH-68,-8.09328661099994,-79.07606326199993,Consolidado,PH-51,403
PH-69,-8.092357032999928,-79.08055404699996,Consolidado,PH-51,907
PH-70,-8.09107912199994,-79.08464848999995,Consolidado,PH-81,806
PH-71,-8.089728503999936,-79.08858426899997,Consolidado,PH-81,348
PH-80,-8.088075354999944,-79.09449905199995,Consolidado,PH-73,320
PH-82,-8.08789726799995,-79.09440313699997,Consolidado,PH-81,325
PH-84,-8.088408752999953,-79.05330211299997,Consolidado,PH-87,176
PH-85,-8.085896294999941,-79.05265632199996,Consolidado,PE-245,407
PH-86,-8.08751858599993,-79.05317372799993,Consolidado,PH-87,274
PH-88,-8.08553911699994,-79.05264537999994,Consolidado,PE-245,367
PH-89,-8.017877189999979,-79.07173294299997,Consolidado,PH-118,186
PH-92,-8.02038672699996,-79.07077069799999,Consolidado,PH-118,483
PH-94,-8.026261640999962,-79.06852527999996,Consolidado,PH-112,550
PH-95,-8.029222567999966,-79.06751750799998,Consolidado,PH-144,371
PH-96,-8.03187974499997,-79.06669857199995,Consolidado,PH-144,64
PH-99,-8.036495465999963,-79.07073530399998,Consolidado,PH-125,166
PP-1 / PP-151,-8.066886626999974,-79.00415674799996,Consolidado,Calle Inca Roca y Calle Ascencio Vergara,520
PP-10,-8.071441457999981,-78.99053666999998,Consolidado,PP-169,192
PP-101,-8.072433845999967,-79.00427297799996,Consolidado,PP-149,176
PP-102,-8.072409982999943,-79.00436253099997,Consolidado,PP-149,186
PP-103 / PP-104,-8.069913103999966,-79.00407738699994,Consolidado,Calle Inca Roca y Calle Ascencio Vergara,264
PP-105 / PP-29,-8.071878798999933,-79.00579453699999,Consolidado,Calle Inca Roca y Jirón Inca Roca,88
PP-106 / PP-107,-8.071721836999927,-79.00329765899994,Consolidado,PP-149,108
PP-108 / PP-109,-8.069303006999974,-79.00216097099997,Consolidado,PP-149,357
PP-110 / PP-111,-8.066531267999949,-79.00223661199999,Consolidado,PP-149,663
PP-112 / PP-113,-8.077835025999946,-78.99698455499998,Consolidado,PP-90,385
PP-114 / PP-115,-8.07872045199997,-78.99427421099995,Consolidado,PP-59,154
PP-118 / PP-119,-8.076209792999975,-79.00166442099999,Consolidado,PP-117,269
PP-120,-8.077916579999965,-78.99992555999995,Consolidado,PP-90,175
PP-124 / PP-125,-8.073916624999981,-79.00772371099998,Consolidado,PP-128,234
PP-126 / PP-28,-8.074955589999945,-79.00712744399993,Consolidado,PP-129,151
PP-127 / PP-22,-8.078528366999933,-79.00901980099997,Consolidado,PP-129,298
PP-13,-8.076969444999975,-78.99268937499994,Consolidado,PP-163,174
PP-130,-8.07470197799995,-79.01066110499994,Consolidado,PP-132,242
PP-131,-8.074734576999958,-79.01050869999995,Consolidado,PP-132,248
PP-134 / PP-135,-8.069835743999931,-79.01203012499997,Consolidado,PP-133,324
PP-136 / PP-137,-8.070254399999953,-79.01269691499994,Consolidado,PP-132,322
PP-138 / PP-139,-8.069194645999971,-79.01075177999996,Consolidado,PP-133,369
PP-14,-8.074917053999968,-78.99357655999995,Consolidado,PP-163,77
PP-140 / PP-141,-8.071697823999955,-79.00637375499997,Consolidado,Calle Inca Roca y Jirón Inca Roca,54
PP-142 / PP-143,-8.068616212999927,-79.00638561999995,Consolidado,Calle Inca Roca y Calle Ascencio Vergara,281
PP-144 / PP-23,-8.086100018999957,-79.00885678999998,Consolidado,MRFT-151,647
PP-145 / PP-24,-8.086351845999957,-79.00601571799996,Consolidado,PP-21,720
PP-146 / PP-17,-8.085515807999968,-79.01220534999999,Consolidado,MRFT-151,281
PP-147,-8.073236165999958,-78.99952995299998,Consolidado,PP-149,356
PP-148,-8.073330673999976,-78.99955438399996,Consolidado,PP-149,356
PP-15,-8.074067188999948,-78.99151118999998,Consolidado,PP-163,271
PP-152 / PP-153,-8.067796175999945,-79.00428177599997,Consolidado,Calle Inca Roca y Calle Ascencio Vergara,423
PP-154,-8.069642451999925,-78.99540093599995,Consolidado,PP-75,242
PP-155,-8.069498626999973,-78.99539444099997,Consolidado,Calle Andres Razuri y Calle San Martin,233
PP-158 / PP-159,-8.065590957999973,-78.99324551399997,Consolidado,Calle Villalonga,133
PP-16,-8.074235289999933,-78.99054653899998,Consolidado,PL-84,285
PP-160 / PP-161,-8.066611829999943,-78.99415213699996,Consolidado,Calle Andres Razuri y Calle San Martin,194
PP-162,-8.07442944199994,-78.99633169699996,Consolidado,PP-163,344
PP-164 / PP-165,-8.072284589999981,-78.99272185899997,Consolidado,PP-169,130
PP-166 / PP-167,-8.071102764999978,-78.99565195599996,Consolidado,PP-75,195
PP-170 / PP-171,-8.08372387199995,-78.99754988399997,Consolidado,PP-46,231
PP-172 / PP-173,-8.072931148999942,-78.99806213499994,Consolidado,PP-75,268
PP-174 / PP-175,-8.074784207999926,-79.00125928299997,Consolidado,PP-149,300
PP-176,-8.083164059999945,-79.01386803999998,Consolidado,MRFT-151,317
PP-177,-8.08038107799996,-79.01205648099995,Consolidado,PP-21,609
PP-178 / PP-179,-8.07719162899997,-79.01226252199996,Consolidado,PP-128,470
PP-18 / PP-88,-8.080460466999966,-79.00855816699999,Consolidado,PP-21,230
PP-180,-8.072919236999951,-79.02081900899998,Consolidado,PP-186,352
PP-181,-8.071781559999977,-79.01460004899997,Consolidado,Avenida las Magnolias y Calle San Nicolas,209
PP-182,-8.071723773999963,-79.01468380099999,Consolidado,Avenida las Magnolias y Calle San Nicolas,198
PP-185,-8.071792846999926,-79.01972676399998,Consolidado,PP-186,197
PP-187,-8.070939739999972,-79.01571509099995,Consolidado,Avenida las Magnolias y Calle San Nicolas,69
PP-188,-8.071700605999979,-79.01980277399997,Consolidado,PP-186,203
PP-19 / PP-86,-8.084234986999945,-79.00936434099998,Consolidado,PP-21,574
PP-190,-8.070834642999955,-79.01578522399996,Consolidado,Avenida las Magnolias y Calle San Nicolas,63
PP-191,-8.069123021999928,-79.01661399199998,Consolidado,PAT-83,176
PP-192,-8.069161085999951,-79.01670999399994,Consolidado,PAT-83,171
PP-2,-8.072067156999935,-78.99392233099996,Consolidado,PP-169,206
PP-20 / PP-87,-8.08136435199998,-79.00938353199996,Consolidado,PP-21,353
PP-25,-8.086960659999932,-79.00136515399998,Consolidado,CEV-189,293
PP-26,-8.087927469999954,-78.99806933199994,Consolidado,CEV-189,225
PP-31,-8.077897769999936,-78.99983188099998,Consolidado,PP-90,178
PP-32,-8.074453094999967,-78.99487104999997,Consolidado,PP-163,203
PP-33,-8.077214439999977,-78.99599612999998,Consolidado,PP-163,335
PP-34,-8.071512009999935,-78.99035501399999,Consolidado,Calle Andres Razuri y Jirón Abancay,202
PP-35,-8.067825067999934,-78.98519668799997,Consolidado,PL-86,199
PP-36 / PP-83,-8.06669003199994,-78.98595491099996,Consolidado,PL-86,316
PP-37,-8.074125506999962,-78.99139148999996,Consolidado,PP-163,278
PP-38 / PP-76,-8.07628159099994,-78.99898134799997,Consolidado,PP-90,375
PP-40,-8.082964628999946,-79.00091740999994,Consolidado,PP-49,258
PP-43,-8.088130934999981,-78.99811325899998,Consolidado,CEV-189,208
PP-44,-8.087191363999978,-79.00133152199999,Consolidado,CEV-189,270
PP-45,-8.082941693999942,-79.00106522599998,Consolidado,PP-49,270
PP-5,-8.069016154999929,-78.99270849299995,Consolidado,Calle Andres Razuri y Calle San Martin,133
PP-50,-8.084206484999982,-79.00016251199997,Consolidado,PP-49,319
PP-51,-8.084020503999966,-79.00019829399997,Consolidado,PP-49,301
PP-52,-8.066286269999978,-78.99178801699998,Consolidado,Calle Villalonga,301
PP-53,-8.068957957999942,-78.99286782299998,Consolidado,Calle Andres Razuri y Calle San Martin,116
PP-54,-8.07210041899998,-78.99411489299996,Consolidado,PP-169,227
PP-55,-8.07440368899995,-78.99503689799997,Consolidado,PP-163,220
PP-56,-8.077202745999955,-78.99615737599999,Consolidado,PP-163,349
PP-57 / PP-58,-8.077063278999958,-78.99336493599998,Consolidado,PP-163,164
PP-62 / PP-63,-8.087217023999926,-78.99633881099999,Consolidado,Sin nombre,268
PP-64 / PP-65,-8.086496178999937,-78.99887299599999,Consolidado,CEV-189,301
PP-66 / PP-67,-8.085813314999939,-79.00115446399997,Consolidado,CEV-189,392
PP-68 / PP-69,-8.085074359999965,-79.00391917899998,Consolidado,CEV-189,637
PP-7,-8.067764943999975,-78.99615265199998,Consolidado,Calle Andres Razuri y Calle San Martin,279
PP-70 / PP-71,-8.085742385999936,-79.00319393399997,Consolidado,CEV-189,528
PP-72 / PP-73,-8.083455870999956,-79.00309895399994,Consolidado,PP-49,493
PP-74,-8.06776459799994,-78.99626655399999,Consolidado,Calle Andres Razuri y Calle San Martin,292
PP-77,-8.064918767999927,-78.99516161799994,Consolidado,Calle Villalonga,139
PP-78 / PP-79,-8.064060747999974,-78.99036862899999,Consolidado,Sin nombre,105
PP-8,-8.06486450999995,-78.99504549399995,Consolidado,Calle Villalonga,126
PP-80 / PP-81,-8.06418391699998,-78.99084361099995,Consolidado,Sin nombre,98
PP-9,-8.066324023999925,-78.99165760999995,Consolidado,Calle Andres Razuri y Calle San Martin,311
PP-91 / PP-92,-8.08067983799998,-79.00203808699996,Consolidado,PP-116,222
PP-93,-8.07921803399995,-79.00397180799996,Consolidado,PP-30,108
PP-94,-8.079115893999926,-79.00400245299994,Consolidado,PP-30,103
PP-95 / PP-96,-8.077028800999926,-79.00606774299996,Consolidado,PP-99,179
PP-97 / PP-98,-8.07823458699994,-79.00697306999996,Consolidado,PP-21,191
PVL-1,-8.13771507407171,-79.05004971187512,DATA SET Victor Larco.csv Events,RENIEC,441
PVL-11,-8.142746311360403,-79.0484423599882,DATA SET Victor Larco.csv Events,PARQUE VICTORIA PINILLOS,392
PVL-12,-8.145696859142566,-79.05086203998258,DATA SET Victor Larco.csv Events,Calle Callao y Avenida Manuel Seoane,165
PVL-13,-8.148516660220258,-79.04984662711999,DATA SET Victor Larco.csv Events,Calle Antonio Mathey,231
PVL-15,-8.14476424136739,-79.05363812646767,DATA SET Victor Larco.csv Events,Avenida Victor Larco Herrera,233
PVL-18,-8.142711489055353,-79.05454471623757,DATA SET Victor Larco.csv Events,Avenida Victor Larco Herrera,216
PVL-19,-8.13999288488508,-79.05221182696394,DATA SET Victor Larco.csv Events,Avenida Libertad,575
PVL-2,-8.140027417662187,-79.05199293040177,DATA SET Victor Larco.csv Events,Avenida Libertad,599
PVL-20,-8.13742034740047,-79.05007615913314,DATA SET Victor Larco.csv Events,RENIEC,418
PVL-22,-8.134755643569827,-79.04502628757542,DATA SET Victor Larco.csv Events,RENIEC,284
PVL-23,-8.135854439690656,-79.04231957412456,DATA SET Victor Larco.csv Events,MERCEDO SANTA ROSA,227
PVL-24,-8.13681263833497,-79.04009834366431,DATA SET Victor Larco.csv Events,Avenida Prolongación César Vallejo y Calle San Gabriel,281
PVL-29,-8.141980793394668,-79.04813548674655,DATA SET Victor Larco.csv Events,PARQUE VICTORIA PINILLOS,307
PVL-3,-8.142960787318927,-79.05450485413576,DATA SET Victor Larco.csv Events,Avenida Victor Larco Herrera,197
PVL-30,-8.14503108373271,-79.05056062972864,DATA SET Victor Larco.csv Events,Calle Callao y Avenida Manuel Seoane,244
PVL-31,-8.147967625189516,-79.05054442032879,DATA SET Victor Larco.csv Events,Calle Callao y Avenida Manuel Seoane,194
PVL-33,-8.144727460313339,-79.05374441060303,DATA SET Victor Larco.csv Events,Avenida Victor Larco Herrera,220
PVL-34,-8.12872403155528,-79.04851878939726,DATA SET Victor Larco.csv Events,FARMAVET,408
PVL-35,-8.128814074221642,-79.04835685874255,DATA SET Victor Larco.csv Events,Avenida Victor Raul Haya de la Torre y Calle 5,389
PVL-38,-8.133089356942707,-79.04895399033555,DATA SET Victor Larco.csv Events,RENIEC,222
PVL-39,-8.13315308419567,-79.04847993256817,DATA SET Victor Larco.csv Events,RENIEC,185
PVL-4,-8.141083515498957,-79.0572426852635,DATA SET Victor Larco.csv Events,Avenida Libertad,276
PVL-42 / PVL-43,-8.15030484341695,-79.0446184828419,DATA SET Victor Larco.csv Events,Prolongación Avenida Bolivia y Calle Mariscal Nieto,363
PVL-44,-8.147665311720862,-79.04448777276495,DATA SET Victor Larco.csv Events,Sin nombre,213
PVL-45,-8.145435035967063,-79.04699487029117,DATA SET Victor Larco.csv Events,Sin nombre,158
PVL-46,-8.143694210516117,-79.04902741484469,DATA SET Victor Larco.csv Events,Sin nombre,453
PVL-5 / PVL-SC1,-8.138737654997417,-79.06048279057947,DATA SET Victor Larco.csv Events,Jirón Desamparados,91
PVL-SC-HUAMAN,-8.136792057925074,-79.0395374249157,DATA SET Victor Larco.csv Events,Avenida Prolongación César Vallejo y Calle San Gabriel,220
PVL-SC2,-8.14117678046526,-79.05714143017637,DATA SET Victor Larco.csv Events,Avenida Libertad,287
PVL-SC3 / PVL-SC4,-8.133736357525413,-79.0384176524781,DATA SET Victor Larco.csv Events,DON PACHO,291
PL-10,-8.088633871447582,-78.9582071306674,LAREDO,PL-50,310
PL-100 / PL-103,-8.11034743205623,-78.99308645244275,LAREDO,PL-101,212
PL-104,-8.109424233808953,-78.99157650421722,LAREDO,PL-101,359
PL-105,-8.109403652015798,-78.98971475892434,LAREDO,PL-106,411
PL-12,-8.084476421071155,-78.96149738284053,LAREDO,Avenida Luis Condemarín y Avenida Carlos Larco Cox,132
PL-13,-8.082336613114288,-78.95544717147776,LAREDO,PL-40,132
PL-15 / PL-41,-8.090312292258286,-78.96405469251188,LAREDO,PL-39,135
PL-2,-8.090295423802589,-78.95904944597186,LAREDO,PL-47,240
PL-20,-8.088975287104839,-78.9635072979568,LAREDO,PL-4,72
PL-21,-8.090259845188227,-78.97492502188454,LAREDO,PL-61,405
PL-26,-8.091874391318227,-78.96500788425736,LAREDO,PL-39,214
PL-27,-8.086752630954624,-78.99123972413486,LAREDO,PL-85,116
PL-28,-8.089538209656679,-78.95665247174927,LAREDO,PL-47,192
PL-29,-8.077754835481242,-78.9496140144284,LAREDO,PL-24,258
PL-3,-8.077213098483597,-78.9497272738537,LAREDO,PL-24,221
PL-30,-8.084703170378825,-78.95667928984831,LAREDO,PL-53,130
PL-34,-8.083145987642427,-78.95296778301514,LAREDO,PL-40,169
PL-36,-8.09120168764514,-78.95920823445438,LAREDO,PL-47,235
PL-37,-8.083303842254056,-78.95272580537342,LAREDO,PL-40,201
PL-42,-8.091865090403074,-78.96477418978465,LAREDO,PL-39,190
PL-45,-8.084418996839103,-78.95998075299077,LAREDO,Avenida Luis Condemarín y Avenida Carlos Larco Cox,121
PL-48,-8.090381662450712,-78.97505678682035,LAREDO,PL-61,397
PL-52,-8.081681460594796,-78.95688084924227,LAREDO,PL-67,142
PL-53,-8.082382843618637,-78.95533516921984,LAREDO,PL-40,120
PL-54,-8.075516218065731,-78.94648935039744,LAREDO,Calle Virgen de la Puerta,56
PL-55,-8.08693078873462,-78.99103642236311,LAREDO,PL-85,145
PL-64,-8.091330678583978,-78.97195145548935,LAREDO,PL-63,439
PL-65,-8.091436902607956,-78.97204499972233,LAREDO,PL-63,445
PL-68,-8.077906196577521,-78.9560530003554,LAREDO,Sin nombre,409
PL-69,-8.077877987575258,-78.95593095193286,LAREDO,Sin nombre,400
PL-70 / PL-71,-8.075672833709906,-78.95759928741501,LAREDO,PL-67,657
PL-72,-8.073239509238435,-78.95737632762398,LAREDO,PL-76,615
PL-73,-8.07315564311974,-78.95742293623378,LAREDO,PL-76,608
PL-74,-8.071180843329142,-78.95484667683414,LAREDO,PL-76,333
PL-75,-8.071288734920515,-78.95487919591886,LAREDO,PL-76,345
PL-78,-8.068474406108978,-78.95270828275028,LAREDO,PL-79,53
PL-82,-8.07163010704232,-78.95050352758841,LAREDO,Sin nombre,64
PL-88,-8.066201823267646,-78.97788181909615,LAREDO,PL-94,263
PL-9,-8.082529304375482,-78.95343232899975,LAREDO,PL-40,93
PL-92,-8.086870068114111,-78.99188261349431,LAREDO,PL-85,109
PL-95,-8.07692993682708,-78.99247336906205,LAREDO,PP-163,183
PL-97,-8.109290805909188,-78.98969862803237,LAREDO,PL-106,403
PL-98,-8.107589942228104,-78.9869553761363,LAREDO,PL-106,56
PL-99,-8.109296441819284,-78.99158187391127,LAREDO,PL-101,359
PM-1,-8.152852091247787,-79.01203740163527,Moche,PM-2,356
PM-101 / PM-112,-8.179213669442914,-78.99362733517923,Moche,PM-SC3,174
PM-102,-8.18356159005937,-78.99358080998047,Moche,PM-105,150
PM-103,-8.185134484166433,-78.9916016578175,Moche,PM-105,222
PM-104,-8.187092453235966,-78.98979284217006,Moche,PM-105,507
PM-106,-8.181721619068004,-78.99428523142527,Moche,PM-96,265
PM-107,-8.184442883289073,-78.9906320391346,Moche,PM-105,223
PM-108,-8.187966902034022,-78.99431571401456,Moche,PM-105,572
PM-109,-8.185343557618369,-78.99520184551878,Moche,PM-105,399
PM-110,-8.18220148641086,-78.99624120560051,Moche,PM-96,91
PM-114,-8.181606787970217,-78.99198654883479,Moche,PM-113,162
PM-115,-8.18352993745416,-78.98804940597236,Moche,PM-93,165
PM-118,-8.120062145553536,-79.00367298119096,Moche,PM-117,95
PM-119,-8.121648832400174,-79.00462873651374,Moche,EV-539,142
PM-12,-8.182312662391258,-79.01185233111433,Moche,PM-59,196
PM-122,-8.136907436383463,-79.01644926639948,Moche,PM-121,434
PM-123,-8.134886683660813,-79.01915706225888,Moche,PM-121,127
PM-125,-8.140072102218406,-79.01444072865776,Moche,PM-27,504
PM-126,-8.112122764591938,-78.99841613958246,Moche,EV-543,238
PM-13,-8.184296531788949,-79.01037376730777,Moche,PM-86,409
PM-14,-8.187716020118089,-79.00611340664048,Moche,Calle Miguiel Graú,78
PM-18,-8.171541904010123,-79.01132628147364,Moche,PM-17,266
PM-25,-8.170890439049687,-79.0022356037988,Moche,PM-24,537
PM-26,-8.17347339493223,-78.99885736846653,Moche,PM-36,302
PM-28,-8.148709778467982,-79.01168536034747,Moche,PM-30,363
PM-29,-8.149550710080813,-79.01033100592541,Moche,PM-30,199
PM-3,-8.170228997270593,-79.00806065512151,Moche,PM-22,169
PM-31,-8.143609907331404,-78.99919498887009,Moche,PM-77,518
PM-32,-8.139713438926298,-78.99808470487554,Moche,PM-33,305
PM-34,-8.134270263378866,-78.9966881248697,Moche,PM-78,232
PM-35,-8.138575429547949,-78.9939313500384,Moche,PM-  83,180
PM-39,-8.14754981810813,-79.00583029728735,Moche,PM-30,378
PM-4 / PM-58,-8.177989460881737,-79.01413589818979,Moche,PM-10,133
PM-40,-8.152857402358974,-79.01186876092412,Moche,PM-2,357
PM-45,-8.178037242776469,-79.01603422817769,Moche,PM-10,192
PM-46,-8.177109037057257,-79.015395475584,Moche,PM-10,233
PM-47,-8.182072056996656,-79.01180639760783,Moche,PM-59,173
PM-48,-8.184717335387639,-79.01031508823937,Moche,PM-86,372
PM-49,-8.16497026611034,-79.01077500705118,Moche,PM-43,126
PM-5,-8.180068593192335,-79.0128594980574,Moche,PM-11,73
PM-52,-8.187632686872407,-79.00591377174422,Moche,Calle Miguiel Graú,100
PM-56,-8.171627525095415,-79.01129711399331,Moche,PM-17,271
PM-6,-8.177255036154422,-79.01528488622559,Moche,PM-10,214
PM-62,-8.168435564527513,-79.00586195106352,Moche,PM-24,65
PM-64,-8.171093210233911,-79.00230702440622,Moche,PM-24,545
PM-65,-8.173940335034924,-78.99866893466508,Moche,PM-36,256
PM-68,-8.149675951281537,-79.01037665684365,Moche,PM-30,203
PM-69,-8.148686875574192,-79.01181176286947,Moche,PM-30,377
PM-7,-8.169206841689672,-79.01069898167441,Moche,PM-17,139
PM-71,-8.176015845386507,-78.99570275468767,Moche,PM-37,98
PM-72,-8.138414385002674,-78.99380073171312,Moche,PM-  83,164
PM-73,-8.134410989808748,-78.99655032813551,Moche,PM-78,230
PM-75,-8.14069862888839,-78.99801010017882,Moche,PM-33,407
PM-76,-8.14356875506334,-78.99928819373592,Moche,PM-77,514
PM-79,-8.131978535680771,-78.9971237696658,Moche,PM-78,267
PM-8,-8.178129842121296,-79.01605636249356,Moche,PM-10,188
PM-80,-8.135699194024,-78.99521132248054,Moche,PM-33,264
PM-87,-8.188713258273676,-79.00613855833039,Moche,Avenida Independencia y Calle Miguiel Graú,75
PM-88,-8.188791239834355,-79.00622841419865,Moche,Avenida Independencia y Calle Miguiel Graú,75
PM-89 / PM-90,-8.177079460499861,-78.9963077236521,Moche,PM-37,144
PM-92,-8.180928128081135,-78.98946561120108,Moche,PM-113,139
PM-94,-8.182407243762572,-78.993434275633,Moche,PM-105,160
PM-95,-8.179277101562564,-78.99709045470367,Moche,PM-111,65
PM-97,-8.184529834376027,-78.99571281033909,Moche,PM-96,352
PM-98,-8.188338917757942,-78.99454973987194,Moche,PS-13,577
PM-99,-8.187970604405741,-78.9788048130795,Moche,PS-64,90
PM-SC-01,-8.139945103825266,-79.01420026613273,Moche,PM-27,508
PM-SC-02,-8.137453406125088,-79.01432253258189,Moche,PM-121,642
PM-SC4,-8.180751575778373,-78.98931138228242,Moche,PM-113,164
PM-SC5,-8.183088228117057,-78.9859706931058,Moche,PM-93,74
PM-SC6,-8.185396322051718,-78.98313123341057,Moche,Avenida Abelardo Quiñones y Calle Santa Rosa,240
PS-12,-8.19067585585815,-78.99347048561899,Paraderos_Salaverry,PS-13,293
PS-14,-8.195392984999954,-78.99029121199999,Paraderos_Salaverry,PS-56,125
PS-15,-8.198634352731622,-78.98817244564214,Paraderos_Salaverry,PS-56,553
PS-16,-8.201101976890724,-78.98674757166434,Paraderos_Salaverry,PS-56,869
PS-17,-8.204651064751591,-78.98474104336047,Paraderos_Salaverry,PS-51,498
PS-18,-8.206786815624165,-78.98269906984649,Paraderos_Salaverry,PS-51,171
PS-20,-8.212500434773142,-78.9809039998656,Paraderos_Salaverry,PS-19,331
PS-21,-8.215723895574783,-78.98024686072611,Paraderos_Salaverry,PS-48,318
PS-22,-8.218379562677615,-78.9791032313949,Paraderos_Salaverry,PS-48,440
PS-23,-8.220689784219598,-78.97778861080675,Paraderos_Salaverry,PS-48,662
PS-24,-8.223534229371117,-78.97707983961521,Paraderos_Salaverry,PS-44,788
PS-25,-8.222961160403415,-78.97433627047242,Paraderos_Salaverry,PS-44,529
PS-26,-8.220502168037346,-78.97483245955637,Paraderos_Salaverry,PS-44,401
PS-27,-8.219548877683543,-78.97221939767202,Paraderos_Salaverry,PS-44,95
PS-30,-8.189927177377594,-78.9764171469118,Paraderos_Salaverry,PS-29,355
PS-36,-8.188828408108094,-78.98624863133276,Paraderos_Salaverry,PS-41,121
PS-4,-8.18523271343488,-78.98380782802796,Paraderos_Salaverry,Avenida Abelardo Quiñones y Calle Santa Rosa,248
PS-40,-8.190965566327538,-78.9827114751192,Paraderos_Salaverry,PS-6,247
PS-42,-8.186446989711657,-78.98793459442852,Paraderos_Salaverry,PS-41,376
PS-45,-8.220260395095467,-78.97395898605127,Paraderos_Salaverry,PS-44,302
PS-46,-8.219389662806526,-78.97643107813845,Paraderos_Salaverry,PS-48,531
PS-47,-8.21718528237058,-78.97705268065333,Paraderos_Salaverry,PS-48,277
PS-49,-8.211477045448497,-78.9785513630836,Paraderos_Salaverry,PS-48,379
PS-5,-8.187065912166437,-78.9816137806032,Paraderos_Salaverry,PM-100,68
PS-50,-8.211457311171937,-78.98082596595374,Paraderos_Salaverry,PS-19,221
PS-52,-8.2041509816974,-78.98407336765503,Paraderos_Salaverry,PS-51,498
PS-53,-8.202115763530951,-78.98551337867798,Paraderos_Salaverry,PS-51,774
PS-54,-8.198504568243708,-78.98790336973427,Paraderos_Salaverry,PS-56,556
PS-55,-8.196462384943848,-78.98928925789657,Paraderos_Salaverry,PS-56,283
PS-57,-8.191408595103674,-78.99260949787168,Paraderos_Salaverry,PS-13,176
PS-62,-8.19239818131062,-78.97460416294365,Paraderos_Salaverry,PS-29,58
PS-63,-8.190383821937157,-78.97734504092816,Paraderos_Salaverry,PS-64,343
PS-69,-8.186467630840797,-78.98511316808431,Paraderos_Salaverry,Avenida Abelardo Quiñones y Calle Santa Rosa,186
PS-70,-8.188943075825954,-78.98614605300534,Paraderos_Salaverry,PS-41,116
ABR-359,-8.099626508696174,-79.00138093560719,Puntos_Paraderos,ABR-361,226
ABR-360,-8.10141716521063,-79.00207333717793,Puntos_Paraderos,Avenida Federico Villarreal y Avenida Honorio Delgado,183
ABR-368,-8.102806289507008,-79.00159723690183,Puntos_Paraderos,Avenida Federico Villarreal Sur y Avenida Federico Villarreal y Avenida 5 de Abril,79
AGR-523,-8.104305712628106,-79.029115160855,Puntos_Paraderos,SALVLA-297,110
AK-455,-8.090958910877083,-79.02692702101717,Puntos_Paraderos,SEP-449,193
AK-456,-8.0907936005375,-79.02695157394767,Puntos_Paraderos,SEP-449,196
ALM-519,-8.089580570348541,-78.99345056727009,Puntos_Paraderos,PP-42,88
AMA-463,-8.10402380297522,-79.02313177192765,Puntos_Paraderos,AMA-462,210
AMEO-68,-8.10309905566707,-79.04559753575518,Puntos_Paraderos,AMEO-67,170
AMEO-69,-8.104766327879442,-79.04610515064677,Puntos_Paraderos,PEMU-345,287
AMEO-70,-8.106193651204851,-79.04677538511051,Puntos_Paraderos,JEN-148,282
AMEO-72,-8.107240171651982,-79.04679815783801,Puntos_Paraderos,JEN-148,240
AMEO-77,-8.117152731714405,-79.04309704735,Puntos_Paraderos,ANTO-346,130
AMEO-78,-8.118870060762694,-79.04099358947589,Puntos_Paraderos,JPT-133,187
AMEO-79,-8.117448742073385,-79.04308397490813,Puntos_Paraderos,Avenida América Oeste y Avenida Antenor Orrego,153
AMEO-80,-8.119068820998633,-79.04115848032392,Puntos_Paraderos,JPT-133,161
AMEO-81,-8.095428823935096,-79.04038256799228,Puntos_Paraderos,AMEO-82,110
AMEO-83,-8.100205599455945,-79.04385572719387,Puntos_Paraderos,MANT-108,195
AMEO-86,-8.099876346480077,-79.04397614588675,Puntos_Paraderos,MANT-108,233
AMN-16,-8.099488975250042,-79.01385795439307,Puntos_Paraderos,PE-243,252
AMN-17,-8.09890336365972,-79.01498494541741,Puntos_Paraderos,Avenida América Norte y Avenida Prolongación Santa,200
AMN-19,-8.09663269836025,-79.01758555494858,Puntos_Paraderos,AMN-20,84
AMN-21,-8.096948367356445,-79.02895175125963,Puntos_Paraderos,TUPAT-120,182
AMN-22,-8.096112910163194,-79.02842518186254,Puntos_Paraderos,TUPAT-120,254
AMN-24,-8.099789055103814,-79.03130974202602,Puntos_Paraderos,AMN-23,184
AMN-25,-8.100879306159648,-79.03200157321396,Puntos_Paraderos,MAVE-352,309
AMN-26,-8.102741274123577,-79.03273388267702,Puntos_Paraderos,AMN-27,110
AMN-28,-8.104794874044975,-79.03382297929963,Puntos_Paraderos,AMN-27,152
AMN-29,-8.09562859066377,-79.01967198045645,Puntos_Paraderos,MRFT-158,86
AMN-30,-8.09507725287481,-79.02046255758998,Puntos_Paraderos,MRFT-158,161
AMN-31,-8.095166327930919,-79.02091199845405,Puntos_Paraderos,MRFT-158,210
AMN-32,-8.094045763656878,-79.02331644917983,Puntos_Paraderos,FEVI-216,156
AMN-33,-8.093962939271547,-79.02405269354286,Puntos_Paraderos,FEVI-216,129
AMN-35,-8.095001239943443,-79.02699071466455,Puntos_Paraderos,AMN-34,151
AMS-36,-8.126091761999596,-79.02796469578601,Puntos_Paraderos,AMS-51,110
AMS-37,-8.124507006523599,-79.02463674315543,Puntos_Paraderos,LAM-415,190
AMS-38,-8.12430740701776,-79.02394105089095,Puntos_Paraderos,LAM-414,121
AMS-42,-8.120890036957732,-79.0398918129657,Puntos_Paraderos,JPT-134,154
AMS-43,-8.120965053553324,-79.04007185560504,Puntos_Paraderos,JPT-134,137
AMS-53,-8.121137642326863,-79.02073479946799,Puntos_Paraderos,AMS-52,119
AMS-54,-8.120226097618827,-79.0194521139369,Puntos_Paraderos,HUAY-494,157
AMS-55,-8.118928105237815,-79.01857962799266,Puntos_Paraderos,FERMO-481,124
AMS-56,-8.117874684607465,-79.01740398192338,Puntos_Paraderos,Jirón Francisco de Zela,175
AMS-57,-8.122784002997976,-79.02249837350901,Puntos_Paraderos,Avenida América Sur y Plaza Miguel Grau,62
AMS-58,-8.100266363686867,-79.01285916974378,Puntos_Paraderos,PE-243,310
AMS-59,-8.100500044807369,-79.01308548056222,Puntos_Paraderos,PE-243,280
AMS-62,-8.113926007836605,-79.01474596313889,Puntos_Paraderos,CARW-311,55
AMS-65,-8.109414943273398,-79.0123163568563,Puntos_Paraderos,GUZBA-461,265
AMS-66,-8.108906830806852,-79.01233931857978,Puntos_Paraderos,GUZBA-461,210
ANBE-373,-8.114119961390905,-79.00665306288539,Puntos_Paraderos,CARW-306,175
ANBE-374,-8.114042382151,-79.00659476044332,Puntos_Paraderos,CARW-306,186
ANBE-375,-8.110952882028108,-79.00708656646853,Puntos_Paraderos,RIP-324,224
ANBE-376,-8.108663135777787,-79.00748502101933,Puntos_Paraderos,BLPAS-447,442
ANTO-347,-8.113666200647513,-79.04188032743212,Puntos_Paraderos,ANTO-349,291
ANTO-348,-8.113385721775758,-79.04130499534074,Puntos_Paraderos,ANTO-349,230
ANTO-350,-8.11096582915605,-79.03976296573977,Puntos_Paraderos,ANTO-349,89
AVOC-452,-8.091412945016373,-79.02451931148909,Puntos_Paraderos,FEVI-216,166
AVOC-453,-8.09154943008169,-79.0245237537281,Puntos_Paraderos,FEVI-216,152
CA-490,-8.104861587545527,-79.00964822346047,Puntos_Paraderos,AMS-60,97
CA-491,-8.10528214328916,-79.00889754625652,Puntos_Paraderos,BLPAS-447,140
CALCUC-524,-8.122601052719038,-79.02085851989501,Puntos_Paraderos,AMS-52,84
CALCUC-525,-8.123718270139724,-79.01967566347396,Puntos_Paraderos,JOIN-468,195
CAR-533,-8.105069598777952,-79.021373762107,Puntos_Paraderos,PE-238,131
CARE-402,-8.09426301583718,-79.00025110580525,Puntos_Paraderos,ABR-363,110
CARE-403,-8.09435130940265,-79.00058839222389,Puntos_Paraderos,ABR-363,135
CEV-173,-8.10404405349706,-79.01209976219067,Puntos_Paraderos,CEV-174,68
CEV-179,-8.110476433410678,-79.01763953344813,Puntos_Paraderos,CEV-183,56
CEV-181,-8.09934325723236,-79.0080925416857,Puntos_Paraderos,FEVI-213,132
CEV-185,-8.09911140969774,-79.00820323672463,Puntos_Paraderos,FEVI-213,141
CEV-188,-8.092977420349923,-79.00266275063312,Puntos_Paraderos,ABR-363,409
CEV-190,-8.090863308116655,-79.002788812651,Puntos_Paraderos,CEV-187,384
CEV-191,-8.092525790230082,-79.0038956117434,Puntos_Paraderos,CEV-184,422
CHCH-526,-8.089920933677075,-78.99369008388024,Puntos_Paraderos,PP-42,99
CONT-378,-8.118538484986873,-79.00588960034847,Puntos_Paraderos,CONT-377,62
CONT-380,-8.120002170273763,-79.00695864252728,Puntos_Paraderos,CONT-379,74
CONT-383,-8.121657752491055,-79.00957571654614,Puntos_Paraderos,CONT-382,142
CORT-457,-8.09659926896314,-79.05561314012988,Puntos_Paraderos,PH-168,426
COSR-332,-8.122104992505026,-79.02814440177877,Puntos_Paraderos,JUL-435,340
COSR-334,-8.122055065882252,-79.0283240896964,Puntos_Paraderos,JUL-435,347
COVIC-428,-8.111834418638303,-79.0470568893752,Puntos_Paraderos,AMEO-73,148
COVIC-430,-8.110736840048078,-79.04458285444217,Puntos_Paraderos,COVIC-429,128
COVIC-431,-8.109099614626327,-79.04559518810602,Puntos_Paraderos,JEN-148,196
COVIC-432,-8.109148135870392,-79.04427289310738,Puntos_Paraderos,JEN-148,177
COVIC-433,-8.108086500243024,-79.04392783567229,Puntos_Paraderos,JEN-148,96
CRIS-489,-8.092052346742022,-79.04200368282558,Puntos_Paraderos,Avenida Metropolitana 1,85
CTC-475,-8.104700605473532,-79.0041507065269,Puntos_Paraderos,HOND-314,188
DQS-517,-8.10295167757984,-79.00383286467797,Puntos_Paraderos,CTC-477,80
EGR-248,-8.12138622994812,-79.007177060631,Puntos_Paraderos,CONT-381,99
EGR-249,-8.120853196505179,-79.00742903010097,Puntos_Paraderos,CONT-381,52
EGR-252,-8.118924439492549,-79.0102077988687,Puntos_Paraderos,EGR-251,189
EGR-253,-8.118618416674549,-79.01029799184536,Puntos_Paraderos,EGR-255,205
EGR-256,-8.116405518755435,-79.01283468858011,Puntos_Paraderos,EGR-255,168
EGR-257,-8.116190436607166,-79.01287056338249,Puntos_Paraderos,CARW-309,179
EGR-260,-8.114668923552026,-79.01552226080891,Puntos_Paraderos,AMS-41,58
EGR-261,-8.11387762994138,-79.01633497278675,Puntos_Paraderos,AMS-41,181
EGR-262,-8.113277089237227,-79.0171934023009,Puntos_Paraderos,RIP-331,283
EGR-263,-8.111385722310798,-79.01943847020428,Puntos_Paraderos,JOSA-520,164
EGR-264,-8.111320100606521,-79.0193179744157,Puntos_Paraderos,CEV-183,151
EJER-409,-8.097623853056376,-79.01824176610688,Puntos_Paraderos,AMN-20,181
EJER-410,-8.099841818213305,-79.01932966033182,Puntos_Paraderos,SAN-269,191
EJER-411,-8.101564214385135,-79.02080722179673,Puntos_Paraderos,SAN-271,172
ESP-1,-8.111157540903863,-79.03279300754362,Puntos_Paraderos,JPT-137,115
ESP-11,-8.107067902732153,-79.0225362392202,Puntos_Paraderos,ESP-10,56
ESP-2,-8.112958605291801,-79.03269950781224,Puntos_Paraderos,ESP-5,170
ESP-3,-8.115472165379344,-79.03130605863205,Puntos_Paraderos,ESP-4,127
ESP-7,-8.116501781092737,-79.02828991335447,Puntos_Paraderos,ESP-6,61
ESP-9,-8.107882118390009,-79.02196090992871,Puntos_Paraderos,ESP-8,55
EV-540,-8.116904380160582,-79.00263957640432,Puntos_Paraderos,PM-117,275
EV-541,-8.114325976933198,-79.00071916548782,Puntos_Paraderos,RIP-319,375
EV-544,-8.114188554820624,-79.00072237595843,Puntos_Paraderos,RIP-319,364
EV-546,-8.116678928574183,-79.00261966210454,Puntos_Paraderos,PM-117,300
FERMO-482 / FERMO-483,-8.120464163566051,-79.01596537357152,Puntos_Paraderos,FERMO-481,211
FEVI-211 / FEVI-212,-8.10188220032884,-79.00318410545437,Puntos_Paraderos,CTC-477,100
FEVI-220,-8.092869156483225,-79.01776951236802,Puntos_Paraderos,FEVI-219,246
FEVI-221,-8.093457741615202,-79.01615233314547,Puntos_Paraderos,FEVI-222,123
FEVI-223,-8.094983656785251,-79.01383615890094,Puntos_Paraderos,FEVI-222,185
FEVI-224,-8.09559674533677,-79.01313526085664,Puntos_Paraderos,FEVI-225,231
FEVI-227,-8.106669560387157,-78.9994892697516,Puntos_Paraderos,EV-543,449
FEVI-228,-8.108361971708712,-78.99724961418943,Puntos_Paraderos,EV-543,205
FEVI-229,-8.10645361404721,-78.9994737997669,Puntos_Paraderos,Avenida Federico Villarreal Sur y Avenida Federico Villarreal y Avenida 5 de Abril,464
FEVI-230,-8.108174674974856,-78.99711666360149,Puntos_Paraderos,EV-543,227
FRAZ-422,-8.115265679182626,-79.01835802195403,Puntos_Paraderos,Jirón Francisco de Zela,233
GPRA-420,-8.120353334236297,-79.0192133161398,Puntos_Paraderos,HUAY-494,186
GPRA-421,-8.11740990867557,-79.02012158379448,Puntos_Paraderos,HUAY-494,277
GUZBA-459,-8.106212530856482,-79.00597293292567,Puntos_Paraderos,BLPAS-447,260
GUZBA-460,-8.106363224299528,-79.0063226238459,Puntos_Paraderos,BLPAS-447,244
HOND-315,-8.10659092740667,-79.00383084956952,Puntos_Paraderos,HOND-314,358
HOND-316,-8.106661921116912,-79.00357267757428,Puntos_Paraderos,HOND-314,359
HOND-317,-8.108991204824683,-79.0032359248851,Puntos_Paraderos,RIP-320,315
HOND-318,-8.10896751246898,-79.00343556205439,Puntos_Paraderos,RIP-320,318
HSJ-231,-8.125304139493709,-79.03561268016223,Puntos_Paraderos,AMS-39,179
HSJ-232,-8.125252026508747,-79.03536289718136,Puntos_Paraderos,AMS-39,163
HSJ-233,-8.122920687780931,-79.03467390262108,Puntos_Paraderos,HSJ-234,91
HSJ-235,-8.120072861703107,-79.0334940733827,Puntos_Paraderos,HSJ-234,255
HSJ-236,-8.11988234800898,-79.0331822621838,Puntos_Paraderos,HSJ-234,286
HUALL-510,-8.103276458419504,-79.02144684264609,Puntos_Paraderos,CAR-532,192
HUALL-511,-8.106451187675393,-79.01711717077839,Puntos_Paraderos,CEV-178,231
HUAS-444,-8.09019267182634,-78.99537256405335,Puntos_Paraderos,Avenida Libertad,82
HUAY-495,-8.117331572276239,-79.02206048761593,Puntos_Paraderos,IN-168,228
JEN-140,-8.11292535145817,-79.0342058646311,Puntos_Paraderos,JPT-129,114
JEN-143,-8.109528460990777,-79.03890811124936,Puntos_Paraderos,JEN-144,87
JEN-147,-8.107820448545953,-79.043575386382,Puntos_Paraderos,JEN-148,121
JEN-149,-8.107005746551557,-79.04604613355767,Puntos_Paraderos,JEN-148,167
JEN-150,-8.102341919770081,-79.05123393213593,Puntos_Paraderos,MANT-110,182
JOIN-464,-8.126935204390959,-79.02074988683836,Puntos_Paraderos,VF-479,97
JOIN-465,-8.125170043335693,-79.01913822093154,Puntos_Paraderos,VF-480,52
JOIN-466,-8.122431776759466,-79.0148852392597,Puntos_Paraderos,Calle Fernando de Montesinos y José Joaquín Inclan,107
JOIN-467,-8.123682756637765,-79.01627831571584,Puntos_Paraderos,JOIN-468,211
JPT-127,-8.115994941329067,-79.03754856270656,Puntos_Paraderos,JPT-130,276
JPT-128,-8.115514988636031,-79.03680056449497,Puntos_Paraderos,JPT-129,294
JPT-132,-8.123317320925675,-79.04384739267668,Puntos_Paraderos,JPT-136,336
JPT-135,-8.12343716757345,-79.04363457917816,Puntos_Paraderos,JPT-136,340
JPT-138,-8.112164587752765,-79.03425280764091,Puntos_Paraderos,JPT-137,81
JUL-436,-8.117587809085263,-79.0288675945266,Puntos_Paraderos,ESP-6,130
JUL-437,-8.120033947960323,-79.02562080495754,Puntos_Paraderos,JUL-435,105
JUL-438,-8.120796443441943,-79.02500789695443,Puntos_Paraderos,JUL-435,210
JUN-284,-8.105815272167945,-79.01877446200966,Puntos_Paraderos,PE-239,144
JUN-285,-8.104033513172185,-79.01724759641237,Puntos_Paraderos,PE-241,127
JUN-286,-8.102107644323285,-79.01518095253547,Puntos_Paraderos,PE-243,133
LAM-416,-8.129276754992103,-79.0213849033977,Puntos_Paraderos,Calle Miguel Iglesias,88
LAM-417,-8.129316587808114,-79.02151331463695,Puntos_Paraderos,Calle Miguel Iglesias,101
LUSE-500 / LUSE-501,-8.103083454400998,-79.00859278092238,Puntos_Paraderos,BLPAS-448,118
MAN-512,-8.101795894278965,-79.02123470024284,Puntos_Paraderos,SAN-271,195
MANT-100,-8.103936334018858,-79.03734747799294,Puntos_Paraderos,NPT-197,226
MANT-101,-8.102650057712449,-79.03985222762007,Puntos_Paraderos,MANT-107,172
MANT-102,-8.102827347563213,-79.03928976296328,Puntos_Paraderos,MANT-107,237
MANT-103,-8.104271405825923,-79.03643679288575,Puntos_Paraderos,NPT-197,148
MANT-104,-8.100805701888435,-79.0519868773742,Puntos_Paraderos,MANT-110,102
MANT-105 / MANT-106,-8.101197180608862,-79.04586810405563,Puntos_Paraderos,AMEO-67,175
MANT-109,-8.101625094399843,-79.04367026945685,Puntos_Paraderos,MANT-108,57
MANT-112,-8.100868799383191,-79.05354039418275,Puntos_Paraderos,MANT-110,273
MANT-113,-8.10097180108139,-79.05510830848858,Puntos_Paraderos,PH-55,261
MARVA-518,-8.128106784635508,-79.0205299503815,Puntos_Paraderos,Sin nombre,66
MAVE-351,-8.101313451837282,-79.03519467743273,Puntos_Paraderos,MAVE-352,141
MAVE-353,-8.102630405511896,-79.03348400691297,Puntos_Paraderos,AMN-27,97
MAVE-354,-8.103344378551446,-79.03249496384132,Puntos_Paraderos,AMN-27,99
MEI-392,-8.091216826823114,-79.04486831645428,Puntos_Paraderos,MEI-393,251
MEI-395,-8.09100414221566,-79.04475322802013,Puntos_Paraderos,MEI-393,240
MEI-398,-8.090959480771883,-79.05199714554081,Puntos_Paraderos,PH-83,80
MEI-399,-8.091090235623536,-79.04834388211847,Puntos_Paraderos,MEI-396,82
MEII-386,-8.099033901692705,-79.04895700079014,Puntos_Paraderos,MEII-387,71
MEII-389,-8.096423249868666,-79.04813692237151,Puntos_Paraderos,MEII-388,97
MEII-390,-8.093079661490625,-79.04803097528779,Puntos_Paraderos,MEI-396,247
MEII-391,-8.093366120523875,-79.04785026236995,Puntos_Paraderos,MEI-396,276
MI-503,-8.127754960683337,-79.01895179907032,Puntos_Paraderos,VF-479,158
MI-504,-8.129756689132417,-79.02103654816909,Puntos_Paraderos,Calle Miguel Iglesias,51
MM-516,-8.10813272077039,-79.01402592289841,Puntos_Paraderos,CEV-177,162
MRFT-153,-8.087977723505082,-79.01582767746747,Puntos_Paraderos,MRFT-152,62
MRFT-154,-8.090294033284763,-79.01671584970451,Puntos_Paraderos,MRFT-152,328
MRFT-155,-8.090903471307605,-79.01731833858476,Puntos_Paraderos,FEVI-219,324
MRFT-156,-8.09299269071651,-79.01824034363196,Puntos_Paraderos,FEVI-219,202
MRFT-157,-8.093147370919583,-79.01844352853303,Puntos_Paraderos,FEVI-219,190
MRFT-159,-8.09583107023397,-79.01952009797384,Puntos_Paraderos,MRFT-158,88
MRFT-160,-8.097972644449117,-79.0202265184093,Puntos_Paraderos,SALVLA-303,317
MRFT-161,-8.09822539693071,-79.0205477907252,Puntos_Paraderos,SALVLA-303,298
MRFT-162,-8.10043298733711,-79.02155126784554,Puntos_Paraderos,SAN-271,321
MRFT-163,-8.100837280258222,-79.0220679102546,Puntos_Paraderos,SAN-271,330
MRFT-164,-8.102700375530713,-79.02346199658898,Puntos_Paraderos,ESP-12,344
MRFT-165,-8.102952670066784,-79.02373753805652,Puntos_Paraderos,ESP-13,311
MRFT-166,-8.104683355970552,-79.02500047401813,Puntos_Paraderos,ESP-13,117
NA-527,-8.106955385739901,-79.03486352236465,Puntos_Paraderos,ROM-370,184
NPT-198,-8.101716423037482,-79.03585458523476,Puntos_Paraderos,NPT-196,167
NPT-199,-8.101080809700113,-79.03643972706392,Puntos_Paraderos,NPT-196,260
NPT-200,-8.096814940425327,-79.03836328221183,Puntos_Paraderos,PACALS-89,280
NPT-201,-8.09201045377985,-79.04051135015571,Puntos_Paraderos,NPT-205,87
NPT-202,-8.094129908850556,-79.0395749763371,Puntos_Paraderos,PACALS-89,150
NPT-203,-8.093748573101315,-79.03953861160487,Puntos_Paraderos,PACALS-89,157
NPT-204,-8.099443618797439,-79.0371447295226,Puntos_Paraderos,MAVE-352,439
NPT-206,-8.095983808802067,-79.03850545465879,Puntos_Paraderos,PACALS-89,190
NPT-207,-8.09848382275919,-79.03741592820246,Puntos_Paraderos,PACALS-89,474
NPT-208,-8.086861494662067,-79.04269160623366,Puntos_Paraderos,Avenida José Gabriel Condorcanqui y Avenida Federico Villareal,165
NPT-209,-8.089316448761043,-79.04154943647494,Puntos_Paraderos,MEI-394,222
NPT-210,-8.088164637395238,-79.04221694919401,Puntos_Paraderos,Avenida José Gabriel Condorcanqui y Avenida Federico Villareal,319
PE-240,-8.104274935030265,-79.01934005535834,Puntos_Paraderos,PE-239,51
PE-244,-8.100507178299653,-79.01531554218745,Puntos_Paraderos,PE-243,60
PE-245,-8.099314046910184,-79.01383951712717,Puntos_Paraderos,PE-243,266
PE-246,-8.097709027881505,-79.01238731116985,Puntos_Paraderos,PE-247,89
PEMU-341,-8.108725203844793,-79.03541553435835,Puntos_Paraderos,PEMU-342,203
PEMU-344,-8.107097443962274,-79.0392155582395,Puntos_Paraderos,PEMU-342,254
PESQT-404,-8.09250138790664,-79.00050890837561,Puntos_Paraderos,ABR-363,291
PESQT-405,-8.093101124418354,-78.99981720141294,Puntos_Paraderos,ABR-363,206
PESQT-408,-8.089985991405921,-79.00585558243753,Puntos_Paraderos,PLUN-291,597
PFRAZ-423,-8.117602216323425,-79.0150698823607,Puntos_Paraderos,Jirón Francisco de Zela,212
PFRAZ-424,-8.121372642363447,-79.01032615097742,Puntos_Paraderos,CONT-382,197
PFRAZ-425,-8.121177924481646,-79.01097130484574,Puntos_Paraderos,C20-529,230
PFRAZ-426,-8.120175783090732,-79.01165291827922,Puntos_Paraderos,C20-529,189
PFRAZ-427,-8.118820880231599,-79.01310090190633,Puntos_Paraderos,EGR-255,233
PLAT-513,-8.104647167346316,-79.0072677622457,Puntos_Paraderos,BLPAS-447,56
PLUN-287,-8.100051603983799,-79.01288525135958,Puntos_Paraderos,PLUN-288,308
PLUN-292,-8.091288857408724,-79.00718294128265,Puntos_Paraderos,PLUN-291,395
PLUN-293,-8.091281580212382,-79.00737006148276,Puntos_Paraderos,PLUN-291,385
PLUN-294,-8.088212185768073,-79.00535810694137,Puntos_Paraderos,CEV-189,623
PLUN-295,-8.088025219468216,-79.00502376683231,Puntos_Paraderos,CEV-189,591
PRO-445,-8.091075841339105,-79.02631781334196,Puntos_Paraderos,SEP-449,256
PRO-446,-8.091259979769568,-79.02624405645709,Puntos_Paraderos,FEVI-214,255
PROSAC-441,-8.08763718107549,-79.00228321856864,Puntos_Paraderos,CEV-189,320
PROSAC-442,-8.090827124914474,-79.00316130783946,Puntos_Paraderos,CEV-187,420
PSAN-273,-8.086827853667238,-79.01130957173572,Puntos_Paraderos,MRFT-151,391
PSAN-274,-8.089551822650167,-79.01256446086073,Puntos_Paraderos,PSAN-277,294
PSAN-275,-8.086954105009037,-79.01124545505535,Puntos_Paraderos,MRFT-151,402
PSAN-276,-8.089691117060047,-79.01286028843091,Puntos_Paraderos,PSAN-277,265
PSAN-281 / PSAN-282,-8.097148735461866,-79.01624820365129,Puntos_Paraderos,Avenida América Norte y Avenida Prolongación Santa,56
PUN-521,-8.104914698384782,-79.0176217644276,Puntos_Paraderos,PE-239,205
PUN-522,-8.10697794903092,-79.01520307698067,Puntos_Paraderos,CEV-176,74
RASAN-471,-8.109230397441308,-79.00628138346849,Puntos_Paraderos,RIP-324,434
RASAN-472,-8.10618000315583,-79.00681179240516,Puntos_Paraderos,BLPAS-447,196
RASAN-473,-8.103425008503622,-79.00558669313172,Puntos_Paraderos,SR-528,122
RASAN-474,-8.103484425070768,-79.00572248151727,Puntos_Paraderos,SR-528,138
REP-469,-8.098916725338752,-79.04984682619835,Puntos_Paraderos,MEII-387,143
REP-470,-8.096269893254105,-79.04887151143267,Puntos_Paraderos,MEII-388,113
RIP-321,-8.112227216734075,-79.00564764499032,Puntos_Paraderos,RIP-319,273
RIP-322,-8.112340584179407,-79.00555784801467,Puntos_Paraderos,RIP-319,265
RIP-325,-8.113181303625998,-79.01071775618557,Puntos_Paraderos,CARW-307,194
RIP-326,-8.113020727645344,-79.01076704339654,Puntos_Paraderos,CARW-307,212
RIP-327,-8.113127160354573,-79.01314146781633,Puntos_Paraderos,AMS-61,133
RIP-328,-8.112703588593256,-79.01368632754348,Puntos_Paraderos,AMS-61,76
RIP-329,-8.1123146129927,-79.01498783293643,Puntos_Paraderos,AMS-61,155
RIP-330,-8.11133905412004,-79.01611838160301,Puntos_Paraderos,RIP-331,123
RJ-515,-8.104865568958738,-79.03723139179573,Puntos_Paraderos,ROM-370,169
ROM-372,-8.108971161763579,-79.03735444303688,Puntos_Paraderos,PEMU-342,129
ROME-534,-8.105551331990581,-79.0071712082828,Puntos_Paraderos,BLPAS-447,116
S-537,-8.114656036734269,-79.01814391307515,Puntos_Paraderos,Jirón Francisco de Zela,263
SALV-502,-8.10638691804342,-79.03538846686878,Puntos_Paraderos,ROM-370,104
SALVLA-296,-8.104911706357901,-79.02988046840264,Puntos_Paraderos,MAVE-356,79
SALVLA-299,-8.101383642687196,-79.02689449201677,Puntos_Paraderos,SALVLA-297,305
SALVLA-300,-8.10111345026494,-79.02693472515482,Puntos_Paraderos,SALVLA-297,325
SALVLA-304,-8.09647502847381,-79.02246717564,Puntos_Paraderos,SALVLA-303,56
SAN-267,-8.099210232467179,-79.01694522806967,Puntos_Paraderos,Avenida América Norte y Avenida Prolongación Santa,188
SAN-268,-8.099926036662856,-79.01709303574302,Puntos_Paraderos,Avenida Prolongación Santa,177
SAN-272,-8.10454125216543,-79.02146033810136,Puntos_Paraderos,AMA-462,181
SANTR-384,-8.117161893235984,-79.00658842356849,Puntos_Paraderos,Avenida Santa Rosa y Avenida del Contador,156
SANTR-385,-8.117058405925924,-79.00647315993623,Puntos_Paraderos,Avenida Santa Rosa y Avenida del Contador,152
SB-530,-8.107772912326865,-79.0017551557484,Puntos_Paraderos,RIP-320,477
SB-531,-8.107883775517093,-79.00179270880213,Puntos_Paraderos,RIP-320,464
SOCR-498,-8.103190003201812,-79.00725703615896,Puntos_Paraderos,BLPAS-447,177
SOCR-499,-8.103101044736473,-79.0072731313079,Puntos_Paraderos,BLPAS-447,186
SS-507,-8.091286202094436,-78.99491518929688,Puntos_Paraderos,ALFU-535,123
TCH-496,-8.120674958151142,-79.01711012972132,Puntos_Paraderos,FERMO-481,145
TCH-497,-8.121714841058532,-79.01840127902189,Puntos_Paraderos,FERMO-481,267
TEVA-338,-8.095453996602735,-79.02857120742536,Puntos_Paraderos,TUPAT-120,273
TEVA-339,-8.095194983791055,-79.0286239928081,Puntos_Paraderos,FEVI-214,276
TUPAT-115,-8.101685798685752,-79.025380042335,Puntos_Paraderos,SALVLA-302,346
TUPAT-116,-8.101758699555893,-79.02552562062189,Puntos_Paraderos,SALVLA-302,358
TUPAT-117,-8.09943532221329,-79.02794244145133,Puntos_Paraderos,AMN-23,312
TUPAT-118,-8.099440541775115,-79.02767387265908,Puntos_Paraderos,AMN-23,339
TUPAT-119,-8.096963386730364,-79.03012057027301,Puntos_Paraderos,TUPAT-120,54
TUPAT-121,-8.09391500213227,-79.03361752959421,Puntos_Paraderos,TEVA-340,241
TUPAT-122,-8.094273155079348,-79.03289915129365,Puntos_Paraderos,TEVA-340,163
TUPAT-123,-8.092055964266027,-79.03541553652646,Puntos_Paraderos,PACALS-90,110
TUPAT-125,-8.089159126115316,-79.03812471864839,Puntos_Paraderos,TUPAT-124,319
TUPAT-126,-8.087555392510065,-79.04026132380805,Puntos_Paraderos,Avenida José Gabriel Condorcanqui y Avenida Federico Villareal,411
TUYU-492,-8.121626559369005,-79.02292683848468,Puntos_Paraderos,MO-419,128
TUYU-493,-8.119368875925552,-79.0235715773566,Puntos_Paraderos,IN-167,213
VF-478,-8.12783008404908,-79.02103774778936,Puntos_Paraderos,Sin nombre,79
VLHT-92,-8.116880164367654,-79.0323048497156,Puntos_Paraderos,VLHT-91,60
VLHT-93,-8.119134869360918,-79.03422161945365,Puntos_Paraderos,HSJ-234,347
VLHT-94,-8.119945076557412,-79.03464674676243,Puntos_Paraderos,HSJ-234,262
VLHT-95,-8.122376347554235,-79.03704565341691,Puntos_Paraderos,VLHT-96,78
VLHT-98,-8.125936810236329,-79.03980677325815,Puntos_Paraderos,VLHT-97,96
YP-506,-8.091043879060713,-78.9945504037225,Puntos_Paraderos,HDY-538,139
