osm_id,osm_type,nombre,lat,lon,pt_type,operator,network,route_ref
4463438989,node,,-8.0996671,-79.0366778,bus_station,,,
5067216613,node,,-8.0974462,-79.0384088,bus_station,,,
5069447475,node,,-8.125677,-79.0360248,platform,,,
5069523013,node,,-8.1259685,-79.0277456,platform,,,
5084707175,node,,-8.1203682,-79.0400038,bus_stop,,,
5197288822,node,,-8.1015527,-79.044379,stop_position,,,
5456901360,node,,-8.0193846,-79.0660551,stop_position,,,
8964426717,node,,-8.1045072,-79.0348694,stop_position,,,
8974695817,node,,-8.1049072,-79.034117,platform,,,
9917348618,node,,-8.0999537,-79.0371333,bus_station,,,
11480777173,node,,-8.1115309,-79.033442,stop_position,,,
12408100901,node,,-8.0575554,-79.0604735,stop_position,,,
11910356667,node,Angel María Tanya,-8.1188594,-79.0413952,platform,,,
12121157808,node,Av. Petro Peru,-8.2182873,-78.9795096,platform,,,
11913698214,node,Avenida 12 de Noviembre,-8.08624,-79.018752,platform,,,
11896286020,node,Avenida America Norte,-8.1028601,-79.0333539,platform,,,
11910518844,node,Avenida America Norte,-8.0976209,-79.0294459,platform,,,
11910356666,node,Avenida Antenor Orrego,-8.1164736,-79.0438883,platform,,,
11910645398,node,Avenida Antenor Orrego,-8.1163833,-79.0443416,platform,,,
11910518841,node,Avenida Carlos Valderrama,-8.1004005,-79.0315059,platform,,,
11910518842,node,Avenida Carlos Valderrama,-8.0999683,-79.0314724,platform,,,
5310732024,node,Avenida Chan Chan,-8.0974278,-79.0695211,platform,,,
11911534034,node,Avenida Chan Chan,-8.0923716,-79.0816391,platform,,,
4937067022,node,Avenida Del Ejército,-8.1056158,-79.0240072,platform,,,
12121155295,node,Avenida Delfin,-8.1509417,-79.0112505,platform,,,
11910518830,node,Avenida España,-8.1110655,-79.0328291,stop_position,,,
12121155276,node,Avenida Fátima,-8.1277108,-79.0414086,platform,,,
11910359972,node,Avenida Húsares de Junín,-8.1257419,-79.0352502,platform,,,
11911534028,node,Avenida Indomerica,-8.0945319,-79.0391207,platform,,,
6818401085,node,Avenida Jesús de Nazareth,-8.1127548,-79.0344986,platform,here you can catch a combi bus or a bigger bus for Huancacho,,
11910518831,node,Avenida Jesús de Nazareth,-8.1123007,-79.034349,platform,,,
11910518832,node,Avenida Juan Pablo II,-8.1123724,-79.0348895,stop_position,,,
5099494788,node,Avenida Miraflores,-8.1053555,-79.0250708,platform,,,
11895957226,node,Avenida Miraflores,-8.1053701,-79.0257378,platform,,,
5099494790,node,Avenida Perú,-8.1072731,-79.0220781,platform,,,
8743805428,node,Avenida Perú,-8.1806225,-79.0125262,platform,,,
11895953681,node,Avenida Perú,-8.1069826,-79.0226351,platform,,,
12121155287,node,Avenida Ramón Castilla,-8.0900932,-79.0881897,platform,,,
12121155288,node,Avenida Ramón Castilla,-8.0897347,-79.0892981,platform,,,
12121155289,node,Avenida Ramón Castilla,-8.0894293,-79.089687,platform,,,
12121155290,node,Avenida Ramón Castilla,-8.0876209,-79.0951963,platform,,,
12121155291,node,Avenida Ramón Castilla,-8.0877378,-79.0954216,platform,,,
11910518836,node,Avenida Roma,-8.1047116,-79.0360187,platform,,,
11896286019,node,Avenida Teodoro Valcárcel,-8.1015489,-79.0359838,platform,,,
11910518843,node,Avenida Túpac Amaru,-8.0978818,-79.029861,platform,,,
11910518845,node,Avenida Túpac Amaru,-8.0973308,-79.0295854,platform,,,
5067622117,node,Avenida Victor Larco Herrera,-8.1247917,-79.0376674,platform,,,
11910359977,node,Avenida Victor Larco Herrera,-8.1156149,-79.0314231,stop_position,,,
12121155298,node,Avenida de La Marina,-8.177711,-79.0127418,platform,,,
12121155299,node,Avenida de La Marina,-8.1768674,-79.0125514,platform,,,
12121157806,node,Avenida de La Marina,-8.2018211,-78.9857132,platform,,,
12121157807,node,Avenida de La Marina,-8.2042044,-78.984132,platform,,,
11895968651,node,Avenida del Ejército,-8.1056463,-79.0245107,platform,,,
11910518848,node,Avenida del Ejército,-8.0961398,-79.0182678,platform,,,
11910518849,node,Avenida del Ejército,-8.0961305,-79.0178601,platform,,,
12121155277,node,Avenida del Ejército,-8.0997472,-79.019224,platform,,,
12121155278,node,Avenida la Rivera,-8.0790674,-79.1210555,platform,,,
12121155280,node,Avenida la Rivera,-8.089278,-79.1195454,platform,,,
12121155281,node,Avenida la Rivera,-8.0894041,-79.1192503,platform,,,
12121155282,node,Avenida la Rivera,-8.0917874,-79.1175149,platform,,,
12121155284,node,Avenida la Rivera,-8.0911806,-79.1042903,platform,,,
11911534032,node,Avenida las Palmeras,-8.0896152,-79.1193187,platform,,,
11910359970,node,Avenida los Colibries,-8.1258395,-79.0397792,platform,,,
11910359971,node,Avenida los Colibries,-8.125483,-79.0397108,platform,,,
4346707989,node,Bus Stop,-8.1238688,-79.0237962,stop_position,,,
4357890717,node,Bus Stop,-8.064337,-79.0516312,stop_position,,,
6051245685,node,Bus a Huacas del Sol y Luna,-8.1241802,-79.0234628,stop_position,,,
6698159386,node,Bus a Huanchaco,-8.1230348,-79.0227922,stop_position,,,
4346105642,node,Bus a Trujillo,-8.0796661,-79.118394,stop_position,,,
6696035186,node,Bus a Trujillo,-8.0733835,-79.1190671,stop_position,,,
4934626821,node,Bus para Huacas del Sol y la Luna,-8.1162336,-79.0231138,stop_position,,,
4126657191,node,Buses to Huaca del Sol y de la Luna,-8.1128442,-79.0199982,stop_position,,,
3221209966,node,CIVA Bus,-8.1043366,-79.0231777,bus_station,,,
11911534029,node,Calle 1,-8.0859161,-79.0432835,stop_position,,,
11910645397,node,Calle 26,-8.1129353,-79.0479103,platform,,,
11910518846,node,Calle 8 de Octubre,-8.0939317,-79.0254575,platform,,,
11895957225,node,Calle Agricultura,-8.1056576,-79.0276442,platform,,,
11911534030,node,Calle Alfonso Ugarte,-8.0235139,-79.0648297,platform,,,
11910518851,node,Calle Aristoteles,-8.1049041,-79.0102588,platform,,,
11910359976,node,Calle Australia,-8.1265956,-79.0311411,platform,,,
11910518853,node,Calle Calcuchimac,-8.1220046,-79.0213577,platform,,,
12121155283,node,Calle Dean Saavedra,-8.0968143,-79.1089694,platform,,,
11910518847,node,Calle Julio Chiriboga,-8.0938786,-79.0236919,platform,,,
12121155296,node,Calle Los Geranios,-8.1522998,-79.011679,platform,,,
11910518850,node,Calle Prolongación Unión,-8.1002262,-79.013052,stop_position,,,
12094668588,node,Calle Prolongación Unión,-8.1002172,-79.0129678,stop_position,,,
12121155294,node,Calle Ramal La Esperanza,-8.1492896,-79.0115395,platform,,,
11910359974,node,Calle República Dominicana,-8.1267576,-79.0324862,platform,,,
11910359973,node,Calle República Dominicana II,-8.1267788,-79.0323038,platform,,,
11910518834,node,Calle Salaverry,-8.1062889,-79.0360898,platform,,,
11910518835,node,Calle Santiago de Chile,-8.1061083,-79.0362453,platform,,,
11911534031,node,Calle Tupac Amaru,-8.0227291,-79.0651073,platform,,,
12121155286,node,Calle el Aromo,-8.090688,-79.0863611,platform,,,
12121155285,node,Calle las Tunas,-8.0915936,-79.0835944,platform,,,
11910518839,node,Calle los Brillantes,-8.096485,-79.038489,platform,,,
11910518837,node,Calle los Zafiros,-8.1041048,-79.0367255,platform,,,
11480776773,node,Colectivos a Huanchaco,-8.110608,-79.0330471,stop_position,,,
4291200492,node,Cromotex,-8.1047703,-79.0235414,bus_station,,,
4560993791,node,Cruz del Sur,-8.1036409,-79.0235283,stop_position,,,
5423449225,node,Ecotur,-8.1014025,-79.0101989,bus_station,,,
4370377391,node,El Sol,-8.1063565,-79.0330249,bus_station,,,
4466772889,node,Empresa de Transporte Los Girasoles Service,-8.0545206,-79.0776688,bus_station,,,
3505211981,node,Empresa de Transportes 14 (bus to Huaraz),-8.1186674,-79.0247737,bus_station,Empresa de Transportes 14 S.R.L.,,
4952848823,node,Empresa de Transportes Huanchaco,-8.1000202,-79.0625608,bus_station,,,
4357959492,node,Empresa de Transportes Vigo S.A.,-8.0642295,-79.051319,bus_station,,,
5869782685,node,"Empresa de transporte ""El Cortijo"" S.A",-8.0632836,-78.9904411,bus_station,,,
4952862521,node,Emtrafesa,-8.0945301,-79.0388622,bus_station,,,
4211528281,node,"Erik el Rojo (a Casma, Lima)",-8.1265199,-79.0220451,bus_station,,,
11961185331,node,Estación Arco Iris Express,-8.0151728,-79.0681985,bus_station,,,
11969206685,node,Estación Caballito de Totora,-8.1199481,-79.008683,bus_station,,,
11970129203,node,"Estación California ""A""",-8.0488775,-79.0534383,bus_station,,,
11970128209,node,"Estación California ""C""",-8.0066536,-79.0700787,bus_station,,,
11969191751,node,Estación Corazón de Jesus,-8.0872306,-78.9624202,bus_station,,,
11969145724,node,Estación El Aguila,-8.087767,-78.962903,bus_station,,,
11972436686,node,Estación El Cortijo,-8.0633619,-78.9908356,bus_station,,,
11973553589,node,Estación El Icaro,-8.0464501,-79.0855712,bus_station,,,
11972567225,node,Estación Esperanza Express,-8.0137904,-79.0661466,bus_station,,,
11970157539,node,Estación Huanchaco,-8.0898383,-79.115561,bus_station,,,
11970157540,node,Estación Huanchaco,-8.0891133,-79.115341,bus_station,,,
11972433766,node,Estación La Libertad,-8.0480728,-79.0084925,bus_station,,,
11969257390,node,Estación Los Diamantes,-8.060195,-79.0219626,bus_station,,,
11969242602,node,Estación Los Girasoles,-8.0545476,-79.0777177,bus_station,,,
11960916368,node,Estación Los Modernos Girasoles,-8.0530099,-79.0704355,bus_station,,,
11830527670,node,Estación Luz Divina,-8.0677484,-78.9803696,platform,,,
11969148185,node,Estación Luz Divina,-8.0475748,-79.0001227,bus_station,,,
11969255160,node,Estación Miramar,-8.0622332,-79.0320531,bus_station,,,
11969255161,node,Estación Miramar,-8.1784099,-78.9921109,bus_station,,,
11961428145,node,Estación Mochica,-8.0602335,-79.0220967,bus_station,,,
11970183476,node,Estación Nuevo California,-8.1386862,-79.0572014,bus_station,,,
11961499181,node,Estación Nuevo Diamante,-8.0601631,-79.0221141,bus_station,,,
11954301079,node,"Estación Nuevo Girasoles ""B""",-8.0146403,-79.0679759,bus_station,,,
11956587598,node,"Estación Nuevo Girasoles ""JJ""",-8.0451275,-79.0674099,bus_station,,,
11972523434,node,Estación Salaverry Express,-8.0636886,-79.0224849,bus_station,,,
11961392416,node,Estación San Isidro Labrador,-8.0619544,-79.0338072,bus_station,,,
11961392417,node,Estación San Isidro Labrador,-8.1787192,-78.9916992,bus_station,,,
11969142608,node,Estación Santa Catalina,-8.0874244,-78.9626509,bus_station,,,
11961440203,node,Estación Santa Lucia de Moche,-8.0547016,-79.023242,bus_station,,,
11969191866,node,Estación Señor de la Misericordia,-8.0872637,-78.9624672,bus_station,,,
11972490260,node,Estación Señor de los Milagros,-8.0606053,-79.0440372,bus_station,,,
11956603068,node,Estación Titanic Express,-7.9930238,-79.0744534,bus_station,,,
11972522301,node,Estación Virgen de la Puerta,-8.1379932,-79.0613401,bus_station,,,
11961499557,node,Estación Virgen del Arco,-8.0493038,-78.9945665,bus_station,,,
4272459389,node,Flores,-8.1040817,-79.0227411,bus_station,,,
4246243787,node,Flores terminal,-8.1038288,-79.0225289,bus_station,Flores,,
11913698215,node,Hermelinda Express,-8.0889905,-79.0250545,platform,,,
12121155297,node,Jirón Ascenso Segura,-8.18351,-79.0102299,platform,,,
11895957224,node,Jirón Estete,-8.105858,-79.0277112,platform,,,
5099440457,node,Jirón Independencia,-8.1145182,-79.0322849,platform,,,
12121157801,node,Jirón José Galvez,-8.1694508,-79.0107644,platform,,,
12121155279,node,Jirón Libertad,-8.0814487,-79.1190961,stop_position,,,
5099494789,node,Jirón Rimac,-8.106684,-79.0227491,platform,,,
12121155300,node,Jirón Rodolfo Espinar,-8.1696167,-79.0107952,platform,,,
5099494791,node,Jirón Unión,-8.1080252,-79.02188,platform,,,
11895923334,node,Jirón Unión,-8.1082273,-79.0219425,platform,,,
11910241197,node,José Maria Eguren,-8.1099454,-79.0216139,platform,,,
11910241198,node,José Maria Eguren,-8.1103671,-79.0217526,platform,,,
5914113707,node,Linea Transporte,-8.1264812,-79.0277767,bus_station,,,
11911534033,node,Los Pinos,-8.1002956,-79.0626329,platform,,,
4761038221,node,Nuevo Pakatnamu,-8.0993108,-79.0368263,bus_station,,,
4285409090,node,Oltursa,-8.104001,-79.0226738,bus_station,,,
11911534027,node,Ovalo Mochica,-8.0944907,-79.0393943,platform,,,
4528673616,node,Pacífico,-8.090361,-79.0069086,bus_station,Transportes Pacífico,,
5082686253,node,Panamericana Norte,-8.1336578,-79.0190363,platform,,,
12121155275,node,Panamericana Norte,-8.1336752,-79.0192297,platform,,,
12121155293,node,Panamericana Norte,-8.1490573,-79.0115824,platform,,,
12121157805,node,Panamericana Norte,-8.1680737,-79.0061696,platform,,,
5467988221,node,Parada Mall (huanchaco-trujillo),-8.1009416,-79.0492709,stop_position,,,
13480970951,node,Paradero Luz del Sol,-7.9985549,-79.0727434,platform,,,
13523198527,node,Paradero Simbal,-7.9779919,-78.8152993,platform,,,
4951569723,node,Paradero autos a Salaverry,-8.1141688,-79.0234581,stop_position,,,
4280736889,node,Paradero carros Simbal,-8.1013361,-79.0116561,stop_position,,,
4960420724,node,Paradero de minivans Otuzco 15 soles,-8.094639,-79.0092751,platform,,,
11910518838,node,Pasaje E. Dunker la Valle,-8.0968833,-79.0381108,platform,,,
11910518840,node,Pasaje Elvira Esparza,-8.1045124,-79.0337227,stop_position,,,
12121157802,node,Pasaje el Altarito,-8.1663059,-79.0100831,platform,,,
12121157803,node,Pasaje el Altarito,-8.1662634,-79.0099972,platform,,,
12121157804,node,Pasaje el Altarito,-8.1658028,-79.009957,platform,,,
11910359969,node,Pasaje las Garzas,-8.1236761,-79.039177,stop_position,,,
5315480522,node,Picaflor tours Trujillo,-8.101635,-79.0099683,bus_station,,,
12121155292,node,Plaza San Jose,-8.1444957,-78.9995098,platform,,,
11910359975,node,Prolongación Cesar Vallejo,-8.12682,-79.0311438,platform,,,
5247579921,node,Royal Palace,-8.0963682,-79.038361,bus_station,,,
11910518852,node,Santa Cruz,-8.1171401,-79.0168154,stop_position,,,
11910518833,node,Taxis Luis Albreacht,-8.1120677,-79.0350008,stop_position,,,
5041141021,node,Terminal Bus - Transportes Via,-8.1036423,-79.0224691,bus_station,,,
5750272855,node,Terminal ITTSA Bus,-8.1215358,-79.0427735,bus_station,,,
9727882976,node,Terrapuerto,-8.1372323,-79.0165248,platform,,,
4354331992,node,Tour Cascas,-8.1047557,-79.0228916,bus_station,,,
4465732889,node,Transporte CIELO AZUL,-8.047615,-79.0705632,bus_station,,,
4649094889,node,Transportes Chiclayo,-8.0982959,-79.0373561,platform,,,
4370378490,node,Transportes El Sol,-8.1068546,-79.0325321,bus_station,,,
4465732489,node,Transportes ICARO,-8.0499474,-79.0865456,bus_station,,,
633941379,node,Transportes Linea,-8.1261641,-79.0275938,bus_station,,,
6882922585,node,Transportes Primavera,-8.0981403,-79.0374516,bus_station,,,
6026236585,node,Wi-Fi y cargador,-8.1276311,-79.0413654,bus_stop,,,
4432646489,node,expreso interprovincial Dorado,-8.1213381,-79.0206723,bus_station,,,
