stop_id,stop_name,lat,lon
1098626822,Avenida Abelardo Quiñones y Calle Santa Rosa,-8.1874621,-78.9837518
13381640382,Avenida Albania,-8.0630419,-79.0215375
2610202760,Avenida América Oeste y Avenida Antenor Orrego,-8.1165216,-79.0441158
1088227363,Avenida América Sur y Avenida César Vallejo,-8.1027749,-79.0110643
316254431,Avenida América Sur y Plaza Miguel Grau,-8.1230626,-79.0229815
1091407281,Avenida Circunvalación y Avenida Victor Larco Herrera,-8.0733842,-79.1193472
11812523500,Avenida Dinamarca y Prolongación Avenida 12 de Noviembre,-8.0633489,-79.0226286
2339884498,Avenida Dinamarca y Prolongación Calle 7 de Julio,-8.0643711,-79.0281907
1098586293,Avenida Dos,-8.0649822,-79.0169131
1098593590,Avenida Federico Villarreal y Avenida Honorio Delgado,-8.103047,-79.0022986
5282388366,Avenida Independencia,-8.193799,-79.0012087
5282388367,Avenida Independencia y Calle Loreto,-8.190389,-79.0046158
1098612874,Avenida Independencia y Calle Miguiel Graú,-8.1882523,-79.0066337
5491294966,Avenida José Faustino Sánchez Carrión,-8.053093,-79.0701736
1098594928,Avenida José Faustino Sánchez Carrión y Jirón Brasil,-8.0499128,-79.068519
633650896,Avenida José Gabriel Condorcanqui y Avenida Federico Villareal,-8.0855477,-79.0433957
334658242,Avenida Julian Arce,-8.0874654,-78.9625956
11828708309,Avenida Libertad,-8.1385614,-79.057299
11828708308,Avenida Libertad,-8.1385973,-79.0572438
5087571031,Avenida Libertad,-8.0894982,-78.995111
1098649152,Avenida Libertad y Calle Chanchani,-8.0895175,-78.9950362
2604535915,Avenida Luis Condemarín y Avenida Carlos Larco Cox,-8.0852976,-78.9606319
1098599033,Avenida Mansiche y Calle Liverpool,-8.1019746,-79.0422055
1015292533,Avenida Manuel Seoane,-8.1478411,-79.0526706
1098604575,Avenida Metropolitana 1,-8.0912942,-79.0418795
1873334289,Avenida Miguel Grau,-8.0131333,-79.0682182
1873334296,Avenida Miguel Grau,-8.0143077,-79.0678331
5467507240,Avenida Nuevo Trujillo y Avenida el Sol,-8.0677207,-79.0705326
1098635577,Avenida Pisacc,-8.0638379,-79.0798396
5463831053,Avenida Pisacc y Avenida Alan Garcia,-8.0634372,-79.080524
316265238,Avenida Prolongación César Vallejo y Avenida Fátima,-8.1317665,-79.0336459
1189541544,Avenida Prolongación César Vallejo y Avenida Fátima,-8.1316825,-79.0335786
1089222529,Avenida Victor Larco Herrera,-8.1442832,-79.0556964
1098620244,Avenida Victor Raul Haya de la Torre y Calle 5,-8.1304479,-79.045232
11030442249,Avenida el Sol,-8.0675812,-79.0706575
5491675670,Avenida el Triunfo,-8.0868005,-79.1156834
5491675677,Avenida la Paz,-8.0902207,-79.1155744
1098626330,Avenida las Magnolias y Calle San Nicolas,-8.0710228,-79.0163343
5082107599,Avenida las Magnolias y Calle San Nicolas,-8.0709414,-79.0163485
1098649277,Avenida los Pajuiles y Calle 5,-8.1280675,-79.0431823
1098622819,Avenida los Tulipanes y Avenida los Cipreses,-8.0598135,-79.0830453
3133843835,Calle 10,-8.0485034,-79.0072871
5483037373,Calle 21 de Octubre y Avenida los Laureles,-8.0889143,-79.0227511
1098595837,Calle 3 y Calle 8,-8.1133038,-79.0461236
1098627171,Calle 5 y Avenida los Pajuiles,-8.1279873,-79.0431418
5480680612,Calle Andres Razuri y Jirón Abancay,-8.0696986,-78.9903753
1089222514,Calle Antonio Mathey,-8.1503953,-79.0489582
1091301861,Calle Callao y Avenida Manuel Seoane,-8.1468076,-79.0518622
2339884512,Calle China y Prolongación Avenida Las Margaritas y Avenida Dinamarca,-8.0640975,-79.026525
1098644192,Calle Inca Roca y Calle Ascencio Vergara,-8.0711328,-79.0061332
1098630415,Calle Inca Roca y Jirón Inca Roca,-8.0721511,-79.006547
8129796284,Calle Miguel Grau,-8.0620097,-79.0338966
13381608067,Calle Miguiel Graú,-8.1882198,-79.0066016
1098613723,Calle San Andrés y Juan Pablo II,-8.1822532,-78.9896182
1098625001,Calle San Judas Tadeo,-8.0124709,-79.0665501
13381666201,Calle Villalonga,-8.0646087,-78.9939348
4743966724,Calle Virgen de la Puerta,-8.0753594,-78.9469774
2589604458,Calle las Azucenas y Calle los Rosales,-8.0601626,-79.0442231
5072310623,Calle los Cipreses,-8.057127,-79.0467557
13395560314,Calle los Cipreses,-8.0567572,-79.0469554
2929478112,Calle los Girasoles,-8.1342863,-79.0531214
10281362769,Carretera Panamericana Norte,-7.9920742,-79.075065
5252493420,Carretera Panamericana Norte,-7.9919999,-79.0749009
11030688158,Carretera Panamericana Norte,-7.9982972,-79.073087
11033003496,Carretera Panamericana Norte,-7.9985623,-79.0730029
5079648945,Carretera Panamericana Norte,-8.0467316,-79.0857735
13379882222,Carretera Panamericana Norte,-8.0467635,-79.0856919
1946752150,Carretera Trujillo - Huamachuco,-8.0040358,-78.6916727
13384388008,Independencia,-8.0210333,-78.7960294
1098617000,Jirón Brasil,-8.047702,-79.0705632
5474060091,Jirón Desamparados,-8.1382173,-79.0611237
1098594938,Jirón las Ficus y Calle los Girasoles,-8.1343542,-79.0530435
1098591739,Jirón los Robles,-8.0540582,-79.0779822
1098628621,Jirón los Tulipanes,-8.0600742,-79.0749936
1098620524,Panamericana Norte,-8.1790864,-78.9916117
11794015159,Prolongación Avenida 12 de Noviembre,-8.0637021,-79.0225101
11794015160,Prolongación Avenida 12 de Noviembre,-8.0637159,-79.0225872
3128363121,Sin nombre,-8.0660298,-79.1099423
2549352804,Sin nombre,-8.1302637,-79.0209164
11877325676,Sin nombre,-8.0633137,-78.9909582
3233772454,Sin nombre,-8.0482441,-79.0081578
4699230346,Sin nombre,-8.219117,-78.9703683
10961609694,Sin nombre,-8.0495085,-79.0059075
11033310337,Sin nombre,-8.1464025,-79.0459471
5478862777,Sin nombre,-8.1366916,-78.99222
5483458623,Sin nombre,-8.0619889,-79.0334263
4749755305,Sin nombre,-8.0505607,-78.9945168
2604535925,Sin nombre,-8.0799767,-78.9529819
8167819251,Sin nombre,-8.0463677,-78.9996319
5473860085,Sin nombre,-8.1285379,-79.0209381
8747929305,Sin nombre,-8.0653288,-79.1092759
7949201069,Sin nombre,-8.106978,-78.9861296
7949201153,Sin nombre,-8.1069992,-78.9860196
8107113542,Sin nombre,-7.9962703,-78.6849886
8107344142,Sin nombre,-7.9959422,-78.6895343
2969134505,Sin nombre,-7.9288546,-78.7270334
2968600883,Sin nombre,-7.852793,-78.7524105
2968601604,Sin nombre,-7.8727556,-78.7672091
8098054532,Sin nombre,-8.061163,-78.9898539
8110624499,Sin nombre,-8.0613039,-78.7382798
13478118309,Sin nombre,-8.0493449,-78.9947107
8666402213,Sin nombre,-7.8555543,-78.8053014
8666402216,Sin nombre,-7.8555431,-78.8072276
316254453,Óvalo Larco y Avenida Victor Larco Herrera,-8.124188,-79.038706
3728336240,Óvalo Larco y Avenida Victor Larco Herrera,-8.1243765,-79.0384371
